"AIANNHCE,C,4","AIANNHNS,C,8","GEOID,C,5","NAME,C,100","NAMELSAD,C,100","LSAD,C,2","CLASSFP,C,2","COMPTYP,C,1","AIANNHR,C,1","MTFCC,C,5","FUNCSTAT,C,1","ALAND,N,14,0","AWATER,N,14,0","INTPTLAT,C,11","INTPTLON,C,12"
2320,02419022,2320R,Mohegan,Mohegan Reservation,86,D8,R,F,G2101,A,1767260,0,+41.4900915,-072.0940543
9100,01930930,9100R,Golden Hill Paugussett,Golden Hill Paugussett (state) Reservation,86,D4,R,S,G2101,A,399343,0,+41.5521875,-072.2680204
4110,02419484,4110R,Table Mountain,Table Mountain Rancheria,85,D2,R,F,G2101,A,551202,0,+36.9848914,-119.6359563
1380,01666180,1380R,Greenville,Greenville Rancheria,85,D2,R,F,G2101,A,284692,0,+40.1487839,-120.8933989
1110,00806894,1110R,Flathead,Flathead Reservation,86,D2,R,F,G2101,A,5013467042,316267878,+47.4967703,-114.2842791
0290,00264455,0290R,Bishop,Bishop Reservation,86,D2,R,F,G2101,A,3503000,34784,+37.3644131,-118.4204847
1075,00840414,1075R,Fallon Paiute-Shoshone,Fallon Paiute-Shoshone Reservation,86,D8,R,F,G2101,A,33125605,0,+39.5210015,-118.6181460
4515,00857504,4515R,Walker River,Walker River Reservation,86,D2,R,F,G2101,A,1367746294,7784371,+38.9757370,-118.7305780
1995,00272219,1995R,Los Coyotes,Los Coyotes Reservation,86,D2,R,F,G2101,A,101560614,0,+33.2976981,-116.5560198
2115,00245463,2115R,Manzanita,Manzanita Reservation,86,D8,R,F,G2101,A,18572897,0,+32.7547169,-116.3461124
2190,02419013,2190R,Mesa Grande,Mesa Grande Reservation,86,D2,R,F,G2101,A,7058522,0,+33.0931693,-116.7423660
2635,00272502,2635R,Pala,Pala Reservation,86,D2,R,F,G2101,A,56177783,0,+33.3604207,-117.0492138
1610,01616981,1610R,Isabella,Isabella Reservation,86,D8,R,F,G2101,A,560500419,4425892,+43.6761118,-084.7807446
9230,01470191,9230R,Mattaponi,Mattaponi (state) Reservation,86,D4,R,S,G2101,A,279160,31696,+37.6615027,-076.9151278
3185,00265444,3185R,Roaring Creek,Roaring Creek Rancheria,85,D2,R,F,G2101,A,331930,234,+40.8933119,-121.9534750
2990,00937193,2990R,Pojoaque,Pueblo of Pojoaque,9C,D8,R,F,G2101,A,54748557,0,+35.8934889,-106.0262714
3235,01266248,3235R,Rosebud,Rosebud Indian Reservation,96,D8,R,F,G2101,A,3596445667,5854544,+43.2087936,-100.7076636
4665,01985241,4665R,Woodfords,Woodfords Community,82,D2,R,F,G2101,A,1578715,0,+38.8004850,-119.7941527
3940,01511576,3940R,Spokane,Spokane Reservation,86,D8,R,F,G2101,A,615340764,31967209,+47.9291007,-118.0481633
0635,02419340,0635R,Chitimacha,Chitimacha Reservation,86,D2,R,F,G2101,A,1819459,0,+29.8836620,-091.5311800
0770,02418879,0770R,"Coos, Lower Umpqua, and Siuslaw","Coos, Lower Umpqua, and Siuslaw Reservation",86,D8,R,F,G2101,A,82966,2912,+42.8103663,-124.4476014
2680,02419049,2680R,Pascua Pueblo Yaqui,Pascua Pueblo Yaqui Reservation,86,D8,R,F,G2101,A,3621547,0,+32.1117152,-111.0821095
0200,00256849,0200R,Berry Creek,Berry Creek Rancheria,85,D8,R,F,G2101,A,155925,0,+39.6256089,-121.3278834
1055,00259950,1055R,Enterprise,Enterprise Rancheria,85,D8,R,F,G2101,A,168285,0,+39.5616380,-121.3554802
3680,00649741,3680R,Shakopee Mdewakanton Sioux,Shakopee Mdewakanton Sioux Community,82,D8,R,F,G2101,A,1062761,0,+44.7539236,-093.4526868
3520,00247949,3520R,Santa Rosa,Santa Rosa Rancheria,85,D2,R,F,G2101,A,1620467,0,+36.2361110,-119.7551327
1880,01616978,1880R,L'Anse,L'Anse Reservation,86,D8,R,F,G2101,A,237865016,46825041,+46.7800119,-088.3701565
9280,00209709,9280R,Paucatuck Eastern Pequot,Paucatuck Eastern Pequot (state) Reservation,86,D4,R,S,G2101,A,924356,59004,+41.4455323,-071.9377759
2300,00685014,2300R,Mississippi Choctaw,Mississippi Choctaw Reservation,86,D8,R,F,G2101,A,121624772,254181,+32.7734402,-088.6842836
0965,00858264,0965R,Duck Valley,Duck Valley Reservation,86,D2,R,F,G2101,A,1166983076,5248490,+41.9952686,-116.1837855
3925,00169585,3925R,Southern Ute,Southern Ute Reservation,86,D2,R,F,G2101,A,2747429006,12071074,+37.1064024,-107.6501252
4470,00169579,4470R,Ute Mountain,Ute Mountain Reservation,86,D8,R,F,G2101,A,2302794335,354826,+37.0971249,-108.6501522
3780,01508317,3780R,Shoalwater Bay,Shoalwater Bay Indian Reservation,96,D8,R,F,G2101,A,2699959,595212,+46.7214629,-124.0291958
9260,01472036,9260R,Pamunkey,Pamunkey (state) Reservation,86,D4,R,S,G2101,A,4421855,1958558,+37.5718327,-077.0052176
2055,00647264,2055R,Lower Sioux,Lower Sioux Indian Community,95,D2,R,F,G2101,A,6962140,124999,+44.5308483,-094.9905189
3115,00231455,3115R,Redwood Valley,Redwood Valley Rancheria,85,D2,R,F,G2101,A,1095256,0,+39.2901865,-123.1797140
3735,00232986,3735R,Sherwood Valley,Sherwood Valley Rancheria,85,D8,R,F,G2101,A,1422993,0,+39.5370503,-123.4883321
2255,00228627,2255R,Middletown,Middletown Rancheria,85,D2,R,F,G2101,A,489059,0,+38.7286756,-122.6258468
2625,01436088,2625R,Paiute (UT),Paiute (UT) Reservation,86,D2,R,F,G2101,A,131123545,29024,+37.1701757,-113.7832703
3460,00255933,3460R,San Pasqual,San Pasqual Reservation,86,D8,R,F,G2101,A,5727871,0,+33.2112323,-116.9627338
3550,00255932,3550R,Santa Ysabel,Santa Ysabel Reservation,86,D2,R,F,G2101,A,60672776,0,+33.1837003,-116.6586025
1160,01934325,1160R,Fort Berthold,Fort Berthold Reservation,86,D2,R,F,G2101,A,3416518162,682427848,+47.7696737,-102.2967782
2340,02419023,2340R,Mooretown,Mooretown Rancheria,85,D8,R,F,G2101,A,132045,0,+39.4670736,-121.5197261
9370,00979494,9370R,Shinnecock,Shinnecock (state) Reservation,86,D4,R,S,G2101,A,3494292,0,+40.8737611,-072.4309700
2810,01263144,2810R,Pine Ridge,Pine Ridge Reservation,86,D2,R,F,G2101,A,11247588717,27448125,+43.3449996,-102.0818655
1963,02419000,1963R,Little Traverse Bay,Little Traverse Bay Reservation,86,D8,R,F,G2101,A,2236756,928,+45.3543753,-084.9786217
2850,00573503,2850R,Pleasant Point,Pleasant Point Reservation,86,D2,R,F,G2101,A,1462308,1055604,+44.9549298,-067.0430846
2240,00307483,2240R,Miccosukee,Miccosukee Reservation,86,D8,R,F,G2101,A,331773283,372498,+26.0637699,-080.8224485
1925,00226975,1925R,Laytonville,Laytonville Rancheria,85,D2,R,F,G2101,A,788337,0,+39.6692904,-123.5006818
2100,01985200,2100R,Manchester-Point Arena,Manchester-Point Arena Rancheria,85,D2,R,F,G2101,A,1524368,0,+38.9356895,-123.6825710
1590,00479831,1590R,Iowa (KS-NE),Iowa (KS-NE) Reservation,86,D8,R,F,G2101,A,50884153,15537,+39.9971693,-095.3823188
3285,00479832,3285R,Sac and Fox Nation,Sac and Fox Nation Reservation,86,D8,R,F,G2101,A,59692871,0,+40.0094817,-095.5130778
2075,00227877,2075R,Lytton,Lytton Rancheria,85,D2,R,F,G2101,A,21937,0,+37.9525763,-122.3344030
4708,00027214,4708R,Yavapai-Apache Nation,Yavapai-Apache Nation Reservation,86,D8,R,F,G2101,A,2754947,0,+34.6194756,-111.8957237
0415,01985192,0415R,Cabazon,Cabazon Reservation,86,D2,R,F,G2101,A,7719150,0,+33.6874930,-116.1687638
4755,02419529,4755R,Ysleta del Sur,Ysleta del Sur Pueblo,84,D8,R,F,G2101,A,299406,0,+31.9260182,-106.0379085
2510,01934344,2510R,Ohkay Owingeh,Ohkay Owingeh,00,D2,R,F,G2101,A,68397951,787290,+36.0532804,-106.0717366
3195,00234577,3195R,Robinson,Robinson Rancheria,85,D8,R,F,G2101,A,725296,6661,+39.1399222,-122.8806537
4770,01934347,4770R,Zia,Zia Pueblo,84,D8,R,F,G2101,A,486398588,115707,+35.5615623,-106.7442429
4545,01133438,4545R,Warm Springs,Warm Springs Reservation,86,D8,R,F,G2101,A,2617013942,10698881,+44.8686817,-121.4432309
2495,02419036,2495R,North Fork,North Fork Rancheria,85,D8,R,F,G2101,A,267979,0,+37.2275008,-119.5135276
2775,01670201,2775R,Picayune,Picayune Rancheria,85,D8,R,F,G2101,A,280520,0,+37.2120166,-119.6955500
1195,00260277,1195R,Fort Independence,Fort Independence Reservation,86,D2,R,F,G2101,A,2261363,0,+36.8411177,-118.2289361
1970,00275865,1970R,Lone Pine,Lone Pine Reservation,86,D2,R,F,G2101,A,952613,0,+36.5968832,-118.0560422
4180,02419492,4180R,Timbi-Sha Shoshone,Timbi-Sha Shoshone Reservation,86,D8,R,F,G2101,A,31762611,0,+37.4456367,-117.5247411
1625,01934338,1625R,Isleta,Isleta Pueblo,84,D2,R,F,G2101,A,855026224,2052388,+34.8913841,-106.6662027
0240,00219211,0240R,Big Lagoon,Big Lagoon Rancheria,85,D2,R,F,G2101,A,21072,0,+41.1642587,-124.1207880
0325,02419316,0325R,Blue Lake,Blue Lake Rancheria,85,D8,R,F,G2101,A,136714,0,+40.8833451,-123.9980188
2980,01934332,2980R,Prairie Band of Potawatomi Nation,Prairie Band of Potawatomi Nation Reservation,86,D2,R,F,G2101,A,314701434,174485,+39.3473013,-095.8397870
0855,01267067,0855R,Crow Creek,Crow Creek Reservation,86,D2,R,F,G2101,A,1094324661,100590102,+44.1267556,-099.4636669
0185,02419307,0185R,Benton Paiute,Benton Paiute Reservation,86,D8,R,F,G2101,A,625276,0,+37.7934453,-118.5209350
0350,02419320,0350R,Bridgeport,Bridgeport Reservation,86,D8,R,F,G2101,A,175286,0,+38.2664919,-119.2156398
2820,00230747,2820R,Pinoleville,Pinoleville Rancheria,85,D2,R,F,G2101,A,421979,0,+39.1801858,-123.2177979
1475,00284183,1475R,Hollywood,Hollywood Reservation,86,D2,R,F,G2101,A,2033906,14020,+26.0418692,-080.2120379
0680,00937176,0680R,Cochiti,Pueblo de Cochiti,99,D2,R,F,G2101,A,207828421,4836770,+35.6103303,-106.3148255
2400,00918263,2400R,Nambe,Nambe Pueblo,84,D8,R,F,G2101,A,82982141,192797,+35.8702317,-105.9201648
3415,00918342,3415R,San Ildefonso,San Ildefonso Pueblo,84,D8,R,F,G2101,A,113165321,621646,+35.8851545,-106.1457005
3495,00937196,3495R,Santa Clara,Santa Clara Pueblo,84,D8,R,F,G2101,A,198868429,647768,+35.9745877,-106.1893707
3585,00937201,3585R,Santo Domingo,Santo Domingo Pueblo,84,D2,R,F,G2101,A,274758135,641684,+35.5341424,-106.3771547
1560,00243797,1560R,Inaja and Cosmit,Inaja and Cosmit Reservation,86,D2,R,F,G2101,A,3484656,0,+33.0105121,-116.6416425
1670,02418979,1670R,Jamul,Jamul Indian Village,93,D2,R,F,G2101,A,59534,0,+32.7026509,-116.8708524
1850,00271928,1850R,La Jolla,La Jolla Reservation,86,D2,R,F,G2101,A,34958063,0,+33.2650358,-116.8497043
2570,00979312,2570R,Onondaga Nation,Onondaga Nation Reservation,86,D2,R,F,G2101,A,23950722,119791,+42.9265081,-076.1532238
3320,00979449,3320R,St. Regis Mohawk,St. Regis Mohawk Reservation,86,D2,R,F,G2101,A,49055465,5306039,+44.9787065,-074.6430750
4200,00023763,4200R,Tohono O'odham Nation,Tohono O'odham Nation Reservation,86,D8,R,F,G2101,A,11535016214,883039,+32.1500358,-112.0704020
1370,02418951,1370R,Grand Traverse,Grand Traverse Reservation,86,D8,R,F,G2101,A,74273,0,+45.0199637,-085.6056959
1960,02418998,1960R,Little River,Little River Reservation,86,D8,R,F,G2101,A,702364,7307,+44.2862765,-086.2487399
1365,02418950,1365R,Grand Ronde,Grand Ronde Community,82,D8,R,F,G2101,A,45921222,0,+45.1425661,-123.6408083
1720,00023994,1720R,Kaibab,Kaibab Indian Reservation,96,D2,R,F,G2101,A,489295372,19920,+36.9097094,-112.6673019
0125,00238830,0125R,Augustine,Augustine Reservation,86,D2,R,F,G2101,A,2271942,0,+33.6498630,-116.1912023
2910,01507567,2910R,Port Gamble,Port Gamble Reservation,86,D8,R,F,G2101,A,6576740,0,+47.8479557,-122.5581025
3020,00265103,3020R,Quartz Valley,Quartz Valley Reservation,86,D8,R,F,G2101,A,2451478,0,+41.6114831,-122.9723591
2555,02419043,2555R,Oneida Nation,Oneida Nation Reservation,86,D2,R,F,G2101,A,212697,0,+43.0407210,-075.6190168
3355,00024000,3355R,San Carlos,San Carlos Reservation,86,D2,R,F,G2101,A,7516591413,62469236,+33.3163715,-110.1934943
4235,00032748,4235R,Tonto Apache,Tonto Apache Reservation,86,D8,R,F,G2101,A,391178,0,+34.2209433,-111.3283728
4030,00267889,4030R,Sulphur Bank,Sulphur Bank Rancheria,85,D2,R,F,G2101,A,193613,23476,+39.0085854,-122.6707850
0955,00222639,0955R,Dry Creek,Dry Creek Rancheria,85,D8,R,F,G2101,A,326069,0,+38.7024973,-122.8564964
3985,00235473,3985R,Stewarts Point,Stewarts Point Rancheria,85,D8,R,F,G2101,A,171789,0,+38.6566026,-123.3390204
2150,02547776,2150R,Match-e-be-nash-she-wish Band of Pottawatomi,Match-e-be-nash-she-wish Band of Pottawatomi Reservation,86,D8,R,F,G2101,A,632867,0,+42.6340652,-085.6572070
3980,02419480,3980R,Stewart,Stewart Community,82,D2,R,F,G2101,A,11447757,6001,+39.0617686,-119.8100925
1785,02418990,1785R,Klamath,Klamath Reservation,86,D2,R,F,G2101,A,1287196,0,+42.5351683,-121.8802532
1490,00251972,1490R,Hoopa Valley,Hoopa Valley Reservation,86,D2,R,F,G2101,A,364418757,2369202,+41.0933714,-123.6734422
1235,00024003,1235R,Fort Mojave,Fort Mojave Reservation,86,D8,R,F,G2101,A,133535379,2778031,+34.9382716,-114.6145112
3855,00274833,3855R,Smith River,Smith River Rancheria,85,D8,R,F,G2101,A,657825,0,+41.9554035,-124.2064440
0975,00845441,0975R,Duckwater,Duckwater Reservation,86,D2,R,F,G2101,A,16137153,57666,+38.9270553,-115.7088195
3095,01682404,3095R,Redding,Redding Rancheria,85,D2,R,F,G2101,A,106381,151,+40.5066731,-122.3837502
0620,02419337,0620R,Chicken Ranch,Chicken Ranch Rancheria,85,D8,R,F,G2101,A,28868,0,+37.9284940,-120.4521421
4330,00236635,4330R,Tuolumne,Tuolumne Rancheria,85,D2,R,F,G2101,A,1539777,0,+37.9807806,-120.2379437
1260,02418940,1260R,Fort Pierce,Fort Pierce Reservation,86,D2,R,F,G2101,A,244942,0,+27.4021028,-080.4348909
1895,00255947,1895R,La Posta,La Posta Indian Reservation,96,D2,R,F,G2101,A,16560558,0,+32.7345086,-116.3912486
0705,00395231,0705R,Coeur d'Alene,Coeur d'Alene Reservation,86,D2,R,F,G2101,A,1356759395,32638324,+47.2956212,-116.8255969
2445,00399588,2445R,Nez Perce,Nez Perce Reservation,86,D2,R,F,G2101,A,3091837192,27162612,+46.3061873,-116.4002894
0250,00256983,0250R,Big Pine,Big Pine Reservation,86,D8,R,F,G2101,A,1120996,0,+37.1589602,-118.2850655
1270,02711352,1270R,Fort Sill Apache,Fort Sill Apache Indian Reservation,96,D2,R,F,G2101,A,121466,0,+32.2414910,-107.4214313
0495,00240225,0495R,Capitan Grande,Capitan Grande Reservation,86,D2,R,F,G2101,A,64429182,832,+32.9230249,-116.7545002
1065,00241187,1065R,Ewiiaapaayp,Ewiiaapaayp Reservation,86,D2,R,F,G2101,A,22139262,0,+32.8416331,-116.3856553
1840,01934340,1840R,Laguna,Laguna Pueblo,84,D8,R,F,G2101,A,1988960771,2068014,+35.0271451,-107.2340015
2430,00041148,2430R,Navajo Nation,Navajo Nation Reservation,86,D8,R,F,G2101,A,57604513257,59775511,+36.2060997,-109.9108419
4045,00858261,4045R,Summit Lake,Summit Lake Reservation,86,D8,R,F,G2101,A,48222494,1837377,+41.5257358,-119.0473844
3265,00232012,3265R,Rumsey,Rumsey Indian Rancheria,97,D2,R,F,G2101,A,1954498,0,+38.7380785,-122.1324630
4130,02419488,4130R,Tampa,Tampa Reservation,86,D2,R,F,G2101,A,179740,1837,+27.9934932,-082.3709966
1135,02418936,1135R,Forest County Potawatomi,Forest County Potawatomi Community,82,D8,R,F,G2101,A,49985745,175489,+45.4926326,-088.6206011
3885,01577206,3885R,Sokaogon Chippewa,Sokaogon Chippewa Community,82,D8,R,F,G2101,A,7625889,888166,+45.4911851,-088.9900954
3840,01445643,3840R,Skull Valley,Skull Valley Reservation,86,D2,R,F,G2101,A,72932870,0,+40.3874199,-112.7358133
1575,02418973,1575R,Indian Township,Indian Township Reservation,86,D2,R,F,G2101,A,97216884,17867564,+45.2898668,-067.6193498
4710,00036443,4710R,Yavapai-Prescott,Yavapai-Prescott Reservation,86,D2,R,F,G2101,A,5704649,0,+34.5506888,-112.4350383
0695,00003089,0695R,Cocopah,Cocopah Reservation,86,D2,R,F,G2101,A,25889883,77685,+32.6143529,-114.7993064
1280,00242378,1280R,Fort Yuma,Fort Yuma Indian Reservation,96,D2,R,F,G2101,A,178568517,3614100,+32.7966429,-114.6761979
1150,00767938,1150R,Fort Belknap,Fort Belknap Reservation,86,D8,R,F,G2101,A,2511630528,9521412,+48.2019901,-108.6304726
4430,01654496,4430R,Upper Lake,Upper Lake Rancheria,85,D2,R,F,G2101,A,1918813,8580,+39.1852647,-122.9192057
1940,00659096,1940R,Leech Lake,Leech Lake Reservation,86,D8,R,F,G2101,A,2521018118,872807826,+47.3578148,-094.2504678
4595,01934333,4595R,White Earth,White Earth Reservation,86,D8,R,F,G2101,A,2832819296,179359846,+47.2119601,-095.7275247
0605,01267254,0605R,Cheyenne River,Cheyenne River Reservation,86,D8,R,F,G2101,A,11030954115,393802906,+45.0877477,-101.2375877
1460,01505548,1460R,Hoh,Hoh Indian Reservation,96,D8,R,F,G2101,A,1769173,12010,+47.7399641,-124.4217113
1800,00394860,1800R,Kootenai,Kootenai Reservation,86,D8,R,F,G2101,A,90698,0,+48.7077476,-116.3698298
0510,00859157,0510R,Carson,Carson Colony,81,D2,R,F,G2101,A,730858,0,+39.1393406,-119.7757110
0845,00806896,0845R,Crow,Crow Reservation,86,D8,R,F,G2101,A,9232401234,29590354,+45.3985026,-107.7128677
3935,01934326,3935R,Spirit Lake,Spirit Lake Reservation,86,D2,R,F,G2101,A,1009175853,25326523,+47.9009428,-098.8702865
2550,00834985,2550R,Omaha,Omaha Reservation,86,D2,R,F,G2101,A,795209806,7669505,+42.0968907,-096.5306498
0720,00276284,0720R,Cold Springs,Cold Springs Rancheria,85,D2,R,F,G2101,A,416760,0,+36.9715857,-119.3242320
3525,01934330,3525R,Santa Rosa,Santa Rosa Reservation,86,D2,R,F,G2101,A,44189655,0,+33.5564601,-116.5291962
2175,01831784,2175R,Menominee,Menominee Reservation,86,D8,R,F,G2101,A,915522061,19016881,+44.9913041,-088.6692512
1750,02418982,1750R,Karuk,Karuk Reservation,86,D8,R,F,G2101,A,67101,0,+41.8009311,-123.3767322
3220,00231831,3220R,Rohnerville,Rohnerville Rancheria,85,D2,R,F,G2101,A,176274,0,+40.5799098,-124.1237603
4095,01665550,4095R,Table Bluff,Table Bluff Reservation,86,D2,R,F,G2101,A,305520,0,+40.6906501,-124.2521799
4275,00268407,4275R,Trinidad,Trinidad Rancheria,85,D8,R,F,G2101,A,230909,0,+41.0542229,-124.1304925
4760,02419530,4760R,Yurok,Yurok Reservation,86,D2,R,F,G2101,A,217781902,8668719,+41.3791293,-123.9022326
0335,02105053,0335R,Bois Forte,Bois Forte Reservation,86,D8,R,F,G2101,A,517127936,31548529,+48.0523879,-093.2535967
1125,00654521,1125R,Fond du Lac,Fond du Lac Reservation,86,D8,R,F,G2101,A,398807704,12656681,+46.7460045,-092.6379310
4015,01577203,4015R,Stockbridge Munsee,Stockbridge Munsee Community,82,D8,R,F,G2101,A,61058563,95813,+44.9105914,-088.8885314
1735,01528426,1735R,Kalispel,Kalispel Reservation,86,D8,R,F,G2101,A,18859651,310450,+48.3564770,-117.2763654
0795,00545438,0795R,Coushatta,Coushatta Reservation,86,D8,R,F,G2101,A,2983359,0,+30.5321098,-092.7987266
4060,00235836,4060R,Susanville,Susanville Indian Rancheria,97,D8,R,F,G2101,A,4145410,0,+40.4442715,-120.6444973
2145,00212541,2145R,Mashantucket Pequot,Mashantucket Pequot Reservation,86,D8,R,F,G2101,A,5454689,0,+41.4660535,-071.9747027
9400,02419487,9400R,Tama,Tama (state) Reservation,86,D4,R,S,G2101,A,365137,2118,+30.8622593,-084.2650091
1830,02418993,1830R,Lac Vieux Desert,Lac Vieux Desert Reservation,86,D2,R,F,G2101,A,1084321,0,+46.2825244,-089.1759184
3445,00248904,3445R,San Manuel,San Manuel Reservation,86,D8,R,F,G2101,A,2781454,0,+34.1566174,-117.2175843
0820,02772245,0820R,Cowlitz,Cowlitz Reservation,86,D2,R,F,G2101,A,670606,0,+45.8517191,-122.7078391
0155,00255962,0155R,Barona,Barona Reservation,86,D8,R,F,G2101,A,23797857,0,+32.9557063,-116.8443025
3480,01934345,3480R,Santa Ana,Santa Ana Pueblo,84,D2,R,F,G2101,A,261508404,358738,+35.4305604,-106.5874067
2030,01267015,2030R,Lower Brule,Lower Brule Reservation,86,D8,R,F,G2101,A,874857751,119530275,+44.0923076,-099.7558740
1685,00916031,1685R,Jemez,Jemez Pueblo,84,D2,R,F,G2101,A,361712282,13020,+35.7593539,-106.8821089
1700,01934339,1700R,Jicarilla Apache Nation,Jicarilla Apache Nation Reservation,86,D8,R,F,G2101,A,3405649424,10114630,+36.5545359,-107.0677113
3400,00910614,3400R,San Felipe,San Felipe Pueblo,84,D2,R,F,G2101,A,206204425,1030782,+35.4248555,-106.4318234
3750,00233021,3750R,Shingle Springs,Shingle Springs Rancheria,85,D8,R,F,G2101,A,641958,0,+38.6967283,-120.9048733
0050,01350923,0050R,Alabama-Coushatta,Alabama-Coushatta Reservation,86,D8,R,F,G2101,A,18437650,83761,+30.7334034,-094.7100482
3205,00767936,3205R,Rocky Boy's,Rocky Boy's Reservation,86,D8,R,F,G2101,A,227997389,306432,+48.2104174,-109.7690171
2130,00023997,2130R,Maricopa (Ak Chin),Maricopa (Ak Chin) Indian Reservation,96,D8,R,F,G2101,A,84992721,0,+33.0079300,-112.0419729
0275,00219277,0275R,Big Valley,Big Valley Rancheria,85,D2,R,F,G2101,A,482651,0,+39.0203649,-122.8871413
4315,02419503,4315R,Tunica-Biloxi,Tunica-Biloxi Reservation,86,D8,R,F,G2101,A,1689054,0,+31.1132206,-092.0536008
3165,00273286,3165R,Rincon,Rincon Reservation,86,D8,R,F,G2101,A,15832640,0,+33.2638683,-116.9592338
1815,01577192,1815R,Lac Courte Oreilles,Lac Courte Oreilles Reservation,86,D8,R,F,G2101,A,277749875,41304343,+45.8811565,-091.3305643
0140,01577209,0140R,Bad River,Bad River Reservation,86,D2,R,F,G2101,A,499244305,9998339,+46.5214832,-090.6654905
4445,00653567,4445R,Upper Sioux,Upper Sioux Community,82,D8,R,F,G2101,A,5200533,115487,+44.7602515,-095.4996217
4140,01934342,4140R,Taos,Taos Pueblo,84,D8,R,F,G2101,A,401232445,154305,+36.4726948,-105.5250240
1775,02418986,1775R,Kickapoo (TX),Kickapoo (TX) Reservation,86,D8,R,F,G2101,A,498226,1492,+28.6100323,-100.4375695
2270,02419017,2270R,Mille Lacs,Mille Lacs Reservation,86,D8,R,F,G2101,A,249849628,162768673,+46.1300232,-093.5965083
0525,01233634,0525R,Catawba,Catawba Reservation,86,D2,R,F,G2101,A,4082164,0,+34.9083550,-080.8814798
2785,01934341,2785R,Picuris,Picuris Pueblo,84,D2,R,F,G2101,A,70893925,7083,+36.2002840,-105.7094667
0825,01985199,0825R,Coyote Valley,Coyote Valley Reservation,86,D2,R,F,G2101,A,347178,0,+39.2541828,-123.2089171
1400,00224709,1400R,Guidiville,Guidiville Rancheria,85,D8,R,F,G2101,A,175438,0,+39.1654306,-123.1699400
2460,01528422,2460R,Nisqually,Nisqually Reservation,86,D2,R,F,G2101,A,20459261,808442,+47.0209370,-122.6606737
2205,00924240,2205R,Mescalero,Mescalero Reservation,86,D2,R,F,G2101,A,1862762809,1469791,+33.1761346,-105.5832417
2925,01507571,2925R,Port Madison,Port Madison Reservation,86,D2,R,F,G2101,A,31289128,0,+47.7380056,-122.5532271
3565,01884912,3565R,Santee,Santee Reservation,86,D2,R,F,G2101,A,447827823,30051352,+42.7107093,-097.8218369
4405,01159100,4405R,Umatilla,Umatilla Reservation,86,D8,R,F,G2101,A,700326730,0,+45.6272756,-118.5442643
0165,00838653,0165R,Battle Mountain,Battle Mountain Reservation,86,D8,R,F,G2101,A,2727590,0,+40.6642470,-116.9698555
0750,02418877,0750R,Colusa,Colusa Rancheria,85,D2,R,F,G2101,A,1028551,0,+39.2538648,-122.0240385
0780,00221603,0780R,Cortina,Cortina Indian Rancheria,97,D2,R,F,G2101,A,3077766,0,+39.0182964,-122.2904112
1250,00805884,1250R,Fort Peck,Fort Peck Indian Reservation,96,D8,R,F,G2101,A,8516690160,35225913,+48.3675377,-105.5297091
1170,00260275,1170R,Fort Bidwell,Fort Bidwell Reservation,86,D8,R,F,G2101,A,13858176,14695,+41.8595179,-120.1967696
1955,00276402,1955R,Likely,Likely Rancheria,85,D2,R,F,G2101,A,6237,0,+41.2047695,-120.4788308
1980,00227643,1980R,Lookout,Lookout Rancheria,85,D2,R,F,G2101,A,163356,0,+41.2138759,-121.0933983
4680,00252581,4680R,XL Ranch,XL Ranch Rancheria,85,D2,R,F,G2101,A,39457225,41930,+41.5511283,-120.4528304
2985,00654519,2985R,Prairie Island,Prairie Island Indian Community,95,D8,R,F,G2101,A,2233132,171952,+44.6353065,-092.6565026
2890,02419058,2890R,Pokagon,Pokagon Reservation,86,D8,R,F,G2101,A,2709373,12445,+41.7770842,-086.7146018
1440,00045638,1440R,Havasupai,Havasupai Reservation,86,D2,R,F,G2101,A,714400022,0,+36.1609891,-112.6134395
1505,00024001,1505R,Hopi,Hopi Reservation,86,D8,R,F,G2101,A,6557654678,2407606,+35.9223494,-110.6083668
1545,00045633,1545R,Hualapai,Hualapai Indian Reservation,96,D8,R,F,G2101,A,4121300349,8118425,+35.5095008,-113.4010132
0360,00300151,0360R,Brighton,Brighton Reservation,86,D2,R,F,G2101,A,147956903,58129,+27.0948187,-081.0544668
0080,00978667,0080R,Allegany,Allegany Reservation,86,D2,R,F,G2101,A,105881140,19755258,+42.1241177,-078.6704159
4635,00849652,4635R,Winnemucca,Winnemucca Indian Colony,98,D2,R,F,G2101,A,1441447,0,+40.9531627,-117.7211985
3860,02419473,3860R,Snoqualmie,Snoqualmie Reservation,86,D2,R,F,G2101,A,229227,0,+47.5191899,-121.8415810
2375,01533394,2375R,Muckleshoot,Muckleshoot Reservation,86,D8,R,F,G2101,A,14996237,601214,+47.2623137,-122.1493676
3000,01514929,3000R,Puyallup,Puyallup Reservation,86,D8,R,F,G2101,A,73835802,1990404,+47.2448203,-122.3696136
4000,02419481,4000R,Stillaguamish,Stillaguamish Reservation,86,D8,R,F,G2101,A,111048,0,+48.2143754,-122.1863471
4290,01511575,4290R,Tulalip,Tulalip Reservation,86,D8,R,F,G2101,A,89881141,45264275,+48.0770426,-122.2609578
1185,00399059,1185R,Fort Hall,Fort Hall Reservation,86,D8,R,F,G2101,A,2107598952,106370523,+42.9681709,-112.3648656
2535,00959239,2535R,Oil Springs,Oil Springs Reservation,86,D2,R,F,G2101,A,2487842,28100,+42.2312992,-078.3028177
1825,01580845,1825R,Lac du Flambeau,Lac du Flambeau Reservation,86,D2,R,F,G2101,A,277303838,73007138,+45.9847994,-089.8792842
0450,00270242,0450R,Campo,Campo Indian Reservation,96,D2,R,F,G2101,A,66733613,0,+32.6736407,-116.3632607
1515,00225577,1515R,Hopland,Hopland Rancheria,85,D2,R,F,G2101,A,8151731,3794,+38.9995705,-123.0383845
1915,00853945,1915R,Las Vegas,Las Vegas Indian Colony,98,D2,R,F,G2101,A,15849278,0,+36.3499835,-115.3404054
2315,00845336,2315R,Moapa River,Moapa River Indian Reservation,96,D2,R,F,G2101,A,287401206,0,+36.5700303,-114.7423483
0170,01622234,0170R,Bay Mills,Bay Mills Reservation,86,D8,R,F,G2101,A,14165866,291386,+46.4463369,-084.6100220
2595,01100113,2595R,Osage,Osage Reservation,86,D2,R,F,G2101,A,5818679077,148729736,+36.6242995,-096.4081120
0095,00218194,0095R,Alturas,Alturas Indian Rancheria,97,D2,R,F,G2101,A,100606,0,+41.4776544,-120.5244037
0555,00220808,0555R,Cedarville,Cedarville Rancheria,85,D8,R,F,G2101,A,94077,0,+41.5262496,-120.1837215
9350,00210687,9350R,Schaghticoke,Schaghticoke (state) Reservation,86,D4,R,S,G2101,A,1122120,0,+41.6925090,-073.5091255
0120,00218454,0120R,Auburn,Auburn Rancheria,85,D8,R,F,G2101,A,279781,0,+38.8403521,-121.3148206
9300,00979384,9300R,Poospatuck,Poospatuck (state) Reservation,86,D4,R,S,G2101,A,292590,148143,+40.7889144,-072.8325678
4740,00862119,4740R,Yomba,Yomba Reservation,86,D2,R,F,G2101,A,18911932,11308,+38.9081593,-117.4908040
3635,02419132,3635R,Sault Ste. Marie,Sault Ste. Marie Reservation,86,D8,R,F,G2101,A,2290468,45259,+46.4726976,-084.2079693
0400,01118340,0400R,Burns Paiute,Burns Paiute Indian Colony,98,D8,R,F,G2101,A,3304477,0,+43.6026833,-119.0636892
2070,01511578,2070R,Lummi,Lummi Reservation,86,D2,R,F,G2101,A,54064330,43298416,+48.7673616,-122.6378452
2475,02419035,2475R,Nooksack,Nooksack Reservation,86,D8,R,F,G2101,A,29191,0,+48.8241428,-122.2142705
4170,00937203,4170R,Tesuque,Tesuque Pueblo,84,D8,R,F,G2101,A,68548064,0,+35.8029261,-105.9761807
2415,02030138,2415R,Narragansett,Narragansett Reservation,86,D2,R,F,G2101,A,8325237,5485,+41.4165483,-071.6743481
1555,02418972,1555R,Immokalee,Immokalee Reservation,86,D2,R,F,G2101,A,2471270,21068,+26.4026259,-081.4134689
3100,01934331,3100R,Red Lake,Red Lake Reservation,86,D2,R,F,G2101,A,2287185119,977029573,+48.1431262,-095.1631145
2685,02419050,2685R,Paskenta,Paskenta Rancheria,85,D2,R,F,G2101,A,8662058,9053,+39.8674225,-122.2272760
3970,01934335,3970R,Standing Rock,Standing Rock Reservation,86,D2,R,F,G2101,A,9242111072,243965994,+45.8714090,-101.1812042
2505,01455571,2505R,Northwestern Shoshone,Northwestern Shoshone Reservation,86,D2,R,F,G2101,A,787666,0,+41.9458055,-112.2348633
4090,00273630,4090R,Sycuan,Sycuan Reservation,86,D8,R,F,G2101,A,2560687,0,+32.7795386,-116.8326234
0760,01529464,0760R,Colville,Colville Reservation,86,D8,R,F,G2101,A,5479870598,179044494,+48.2439112,-118.8719074
1220,00036978,1220R,Fort McDowell Yavapai Nation,Fort McDowell Yavapai Nation Reservation,86,D2,R,F,G2101,A,99906300,934540,+33.6461625,-111.6598954
1310,00023998,1310R,Gila River,Gila River Indian Reservation,96,D2,R,F,G2101,A,1511032571,937536,+33.1508908,-111.9314962
3340,00037072,3340R,Salt River,Salt River Reservation,86,D2,R,F,G2101,A,213473946,7331902,+33.5222009,-111.7981089
0775,02418881,0775R,Coquille,Coquille Reservation,86,D2,R,F,G2101,A,26108640,102615,+43.0735243,-123.9101428
0435,00270144,0435R,Cahuilla,Cahuilla Reservation,86,D2,R,F,G2101,A,74936002,0,+33.5202430,-116.7117549
0735,00022753,0735R,Colorado River,Colorado River Indian Reservation,96,D2,R,F,G2101,A,1184890271,17238466,+33.9391133,-114.3881153
2360,00255940,2360R,Morongo,Morongo Reservation,86,D8,R,F,G2101,A,138657662,0,+33.9528051,-116.8078551
2745,00272911,2745R,Pechanga,Pechanga Reservation,86,D2,R,F,G2101,A,18159528,6136,+33.4403701,-117.0482657
0110,01934114,0110R,Annette Island,Annette Island Reserve,87,D2,R,F,G2101,A,343944587,333894108,+55.1383523,-131.4704246
4345,01934334,4345R,Turtle Mountain,Turtle Mountain Reservation,86,D8,R,F,G2101,A,174815373,11228748,+48.8622578,-099.7943891
2865,02419057,2865R,Poarch Creek,Poarch Creek Reservation,86,D8,R,F,G2101,A,1071074,7844,+31.1059341,-087.5646537
0020,01934324,0020R,Agua Caliente,Agua Caliente Indian Reservation,96,D8,R,F,G2101,A,126539885,749217,+33.7877335,-116.5320123
4700,01891160,4700R,Yankton,Yankton Reservation,86,D2,R,F,G2101,A,1723553383,49380242,+43.1034164,-098.3742420
1040,00859672,1040R,Ely,Ely Reservation,86,D2,R,F,G2101,A,14660073,0,+39.1560995,-115.0131663
3795,01155124,3795R,Siletz,Siletz Reservation,86,D8,R,F,G2101,A,16073090,1164,+44.7616952,-123.7723240
1140,00004741,1140R,Fort Apache,Fort Apache Reservation,86,D2,R,F,G2101,A,6799286350,15508272,+33.9414720,-110.1361375
4785,01934346,4785R,Zuni,Zuni Reservation,86,D8,R,F,G2101,A,1705153540,2906813,+35.0399659,-108.7487783
4390,01448012,4390R,Uintah and Ouray,Uintah and Ouray Reservation,86,D8,R,F,G2101,A,17538820315,132099968,+40.2935767,-111.2981912
2715,00272896,2715R,Pauma and Yuima,Pauma and Yuima Reservation,86,D2,R,F,G2101,A,24252286,0,+33.3632156,-116.9549497
1010,01657318,1010R,Elk Valley,Elk Valley Rancheria,85,D8,R,F,G2101,A,361182,0,+41.7603258,-124.1565074
3145,01657342,3145R,Resighini,Resighini Rancheria,85,D2,R,F,G2101,A,996253,0,+41.5145131,-124.0166246
0225,01934321,0225R,Big Cypress,Big Cypress Reservation,86,D2,R,F,G2101,A,213060639,262023,+26.2998665,-080.9604579
4690,01502906,4690R,Yakama Nation,Yakama Nation Reservation,86,D8,R,F,G2101,A,5577487803,4239523,+46.2683064,-120.7544343
2015,00850417,2015R,Lovelock,Lovelock Indian Colony,98,D2,R,F,G2101,A,83593,0,+40.1739001,-118.4832107
1530,02418969,1530R,Houlton Maliseet,Houlton Maliseet Reservation,86,D8,R,F,G2101,A,3321526,22653,+46.1806958,-067.8146943
2760,00582669,2760R,Penobscot,Penobscot Reservation,86,D8,R,F,G2101,A,19622631,38211557,+44.9551063,-068.6973360
3130,00853944,3130R,Reno-Sparks,Reno-Sparks Indian Colony,98,D8,R,F,G2101,A,64985885,0,+39.7107670,-119.7619872
3085,01577204,3085R,Red Cliff,Red Cliff Reservation,86,D8,R,F,G2101,A,56845199,351028,+46.9206903,-090.9869646
1005,00856239,1005R,Elko,Elko Colony,81,D2,R,F,G2101,A,781013,0,+40.8506873,-115.7653950
3250,00267196,3250R,Round Valley,Round Valley Reservation,86,D8,R,F,G2101,A,30320904,11491,+39.8642196,-123.1883707
1210,00859740,1210R,Fort McDermitt,Fort McDermitt Indian Reservation,96,D2,R,F,G2101,A,140874984,0,+41.9557421,-117.6584179
0940,00862214,0940R,Dresslerville,Dresslerville Colony,81,D2,R,F,G2101,A,3226855,0,+38.9038028,-119.7115698
4360,00979564,4360R,Tuscarora Nation,Tuscarora Nation Reservation,86,D2,R,F,G2101,A,23524717,0,+43.1628827,-078.9508650
3870,00249635,3870R,Soboba,Soboba Reservation,86,D8,R,F,G2101,A,25786165,399497,+33.7740700,-116.8807172
4255,00255924,4255R,Torres-Martinez,Torres-Martinez Reservation,86,D2,R,F,G2101,A,88623712,38962138,+33.3586824,-116.0053120
1395,00266781,1395R,Grindstone,Grindstone Indian Rancheria,97,D2,R,F,G2101,A,326144,22791,+39.6726880,-122.5176082
0305,00806895,0305R,Blackfeet,Blackfeet Indian Reservation,96,D8,R,F,G2101,A,6142817013,71204928,+48.6512884,-112.8912475
3370,01934343,3370R,Sandia,Sandia Pueblo,84,D2,R,F,G2101,A,99012584,1013094,+35.2428137,-106.5244661
1770,00479833,1770R,Kickapoo (KS),Kickapoo (KS) Reservation,86,D2,R,F,G2101,A,611934197,1457962,+39.6746481,-095.6109266
3280,00463420,3280R,Sac and Fox/Meskwaki,Sac and Fox/Meskwaki Settlement,9D,D8,R,F,G2101,A,25829960,0,+41.9804556,-092.6498237
0585,00255956,0585R,Chemehuevi,Chemehuevi Reservation,86,D2,R,F,G2101,A,124704705,0,+34.4945720,-114.4611560
0265,01667416,0265R,Big Sandy,Big Sandy Rancheria,85,D8,R,F,G2101,A,1064142,0,+37.0830494,-119.4643703
0990,01018039,0990R,Eastern Cherokee,Eastern Cherokee Reservation,86,D2,R,F,G2101,A,211483430,47477,+35.4668421,-083.3850449
2560,01577191,2560R,Oneida (WI),Oneida (WI) Reservation,86,D8,R,F,G2101,A,264538863,332210,+44.4895868,-088.1997310
0575,01503930,0575R,Chehalis,Chehalis Reservation,86,D8,R,F,G2101,A,17634122,631336,+46.8185500,-123.2063360
3040,01531838,3040R,Quinault,Quinault Reservation,86,D2,R,F,G2101,A,809805133,29517409,+47.4191801,-124.1403664
3955,01508671,3955R,Squaxin Island,Squaxin Island Reservation,86,D8,R,F,G2101,A,6481119,0,+47.1899402,-122.9109776
4375,00250737,4375R,Twenty-Nine Palms,Twenty-Nine Palms Reservation,86,D8,R,F,G2101,A,1647478,0,+33.7105952,-116.1877255
3305,01843172,3305R,St. Croix,St. Croix Reservation,86,D8,R,F,G2101,A,8116397,147462,+45.5227421,-092.2750353
0440,00848690,0440R,Campbell,Campbell Ranch,91,D2,R,F,G2101,A,6708986,0,+39.0781955,-119.2082426
1340,01455300,1340R,Goshute,Goshute Reservation,86,D2,R,F,G2101,A,486449507,13114,+39.8689689,-114.0740693
0815,02418898,0815R,Cow Creek,Cow Creek Reservation,86,D8,R,F,G2101,A,14729901,0,+42.9389780,-123.2529310
4500,00251037,4500R,Viejas,Viejas Reservation,86,D8,R,F,G2101,A,6495773,0,+32.8501458,-116.6925566
1100,01934365,1100R,Flandreau,Flandreau Reservation,86,D2,R,F,G2101,A,8973397,86662,+44.0839627,-096.5896926
9150,02418958,9150R,Hassanamisco,Hassanamisco (state) Reservation,86,D4,R,S,G2101,A,20909,0,+42.2120115,-071.7044957
2580,01934329,2580R,Ontonagon,Ontonagon Reservation,86,D2,R,F,G2101,A,9679643,0,+46.9739525,-089.1032367
3625,02419131,3625R,Sauk-Suiattle,Sauk-Suiattle Reservation,86,D2,R,F,G2101,A,188279,0,+48.3201994,-121.5485564
4075,01528418,4075R,Swinomish,Swinomish Reservation,86,D8,R,F,G2101,A,30853578,23639270,+48.4154021,-122.5363955
0215,00256889,0215R,Big Bend,Big Bend Rancheria,85,D2,R,F,G2101,A,182728,0,+41.0264206,-121.9188956
2330,00263771,2330R,Montgomery Creek,Montgomery Creek Rancheria,85,D2,R,F,G2101,A,311113,0,+40.8341874,-121.9156583
1640,00226085,1640R,Jackson,Jackson Rancheria,85,D2,R,F,G2101,A,1185630,0,+38.3848659,-120.7226269
2490,01637567,2490R,Northern Cheyenne,Northern Cheyenne Indian Reservation,96,D8,R,F,G2101,A,1805463910,300819,+45.5507954,-106.6764074
0540,00978804,0540R,Cattaraugus,Cattaraugus Reservation,86,D2,R,F,G2101,A,86904287,2226868,+42.5382425,-079.0098329
4225,00979554,4225R,Tonawanda,Tonawanda Reservation,86,D2,R,F,G2101,A,30561278,180036,+43.0741274,-078.4528841
4300,00275158,4300R,Tule River,Tule River Reservation,86,D8,R,F,G2101,A,218116280,927,+36.0453445,-118.7302038
4610,01597068,4610R,Wind River,Wind River Reservation,86,D8,R,F,G2101,A,8978352500,150318742,+43.2723824,-108.8444961
4625,00834982,4625R,Winnebago,Winnebago Reservation,86,D8,R,F,G2101,A,457887056,2944351,+42.2256269,-096.5961019
1550,02109298,1550R,Huron Potawatomi,Huron Potawatomi Reservation,86,D8,R,F,G2101,A,502198,18193,+42.1048867,-085.2614067
1655,02418978,1655R,Jamestown S'Klallam,Jamestown S'Klallam Reservation,86,D8,R,F,G2101,A,46220,18375,+48.0223727,-123.0110530
1450,02418963,1450R,Ho-Chunk Nation,Ho-Chunk Nation Reservation,86,D8,R,F,G2101,A,8887614,72893,+43.3630413,-089.7554369
3070,00273181,3070R,Ramona,Ramona Village,94,D2,R,F,G2101,A,2195131,14944,+33.6063580,-116.7029379
4455,02419510,4455R,Upper Skagit,Upper Skagit Reservation,86,D8,R,F,G2101,A,455129,0,+48.5398501,-122.1922054
9240,02419024,9240R,MOWA Choctaw,MOWA Choctaw (state) Reservation,86,D4,R,S,G2101,A,2694225,0,+31.1520676,-088.0534169
0010,01934337,0010R,Acoma,Acoma Pueblo,84,D8,R,F,G2101,A,1065694864,331928,+34.8667707,-107.6888783
1690,02453210,1690R,Jena Band of Choctaw,Jena Band of Choctaw Reservation,86,D2,R,F,G2101,A,262652,0,+31.4381024,-092.4978241
1860,01934336,1860R,Lake Traverse,Lake Traverse Reservation,86,D8,R,F,G2101,A,3753388680,153518957,+45.6436354,-097.0923712
3930,00861680,3930R,South Fork,South Fork Reservation,86,D8,R,F,G2101,A,39443126,10727,+40.5853874,-115.6099838
4580,00849846,4580R,Wells,Wells Colony,81,D2,R,F,G2101,A,328255,0,+41.1170163,-114.9790166
3540,00249132,3540R,Santa Ynez,Santa Ynez Reservation,86,D2,R,F,G2101,A,629386,0,+34.6027327,-120.0914175
3010,00857503,3010R,Pyramid Lake Paiute,Pyramid Lake Paiute Reservation,86,D2,R,F,G2101,A,1438778676,450651614,+40.0331031,-119.4921349
4725,00848133,4725R,Yerington,Yerington Colony,81,D2,R,F,G2101,A,81231,0,+38.9808449,-119.1709090
3825,01525866,3825R,Skokomish,Skokomish Reservation,86,D8,R,F,G2101,A,21255693,570434,+47.3333185,-123.1575681
2040,01528424,2040R,Lower Elwha,Lower Elwha Reservation,86,D8,R,F,G2101,A,3279123,203882,+48.1468452,-123.5585280
2085,01511577,2085R,Makah,Makah Indian Reservation,96,D2,R,F,G2101,A,121171546,599608,+48.3338551,-124.6354040
3030,01511646,3030R,Quileute,Quileute Reservation,86,D2,R,F,G2101,A,4078881,153768,+47.9064025,-124.6218128
1070,00850495,1070R,Fallon Paiute-Shoshone,Fallon Paiute-Shoshone Colony,81,D8,R,F,G2101,A,228531,0,+39.4848624,-118.7606917
1355,00654523,1355R,Grand Portage,Grand Portage Reservation,86,D8,R,F,G2101,A,192878801,3189582,+47.9652885,-089.7371330
1410,01616983,1410R,Hannahville,Hannahville Indian Community,95,D8,R,F,G2101,A,14424818,0,+45.7794306,-087.4333443
2320,02419022,2320T,Mohegan,Mohegan Off-Reservation Trust Land,OT,D5,T,F,G2102,A,689782,123,+41.4977785,-072.0860882
1075,00840414,1075T,Fallon Paiute-Shoshone (Reservation),Fallon Paiute-Shoshone (Reservation) Off-Reservation Trust Land,OT,D5,T,F,G2102,A,646923,0,+39.5228627,-118.5794796
2115,00245463,2115T,Manzanita,Manzanita Off-Reservation Trust Land,OT,D5,T,F,G2102,A,11818,0,+32.7493206,-116.3779141
1610,01616981,1610T,Isabella,Isabella Off-Reservation Trust Land,OT,D5,T,F,G2102,A,4438931,27650,+43.9267711,-083.9214988
2990,00937193,2990T,Pojoaque,Pojoaque Off-Reservation Trust Land,OT,D5,T,F,G2102,A,2060072,0,+35.5904911,-106.0756567
3235,01266248,3235T,Rosebud,Rosebud Off-Reservation Trust Land,OT,D5,T,F,G2102,A,1509986951,4247176,+43.5335377,-100.5040815
3940,01511576,3940T,Spokane,Spokane Off-Reservation Trust Land,OT,D5,T,F,G2102,A,1323747,0,+47.6478262,-117.6101377
0770,02418879,0770T,"Coos, Lower Umpqua, and Siuslaw","Coos, Lower Umpqua, and Siuslaw Off-Reservation Trust Land",OT,D5,T,F,G2102,A,494199,6823,+43.9811379,-124.0865947
2680,02419049,2680T,Pascua Pueblo Yaqui,Pascua Pueblo Yaqui Off-Reservation Trust Land,OT,D5,T,F,G2102,A,5441989,0,+32.1182894,-111.0783671
0200,00256849,0200T,Berry Creek,Berry Creek Off-Reservation Trust Land,OT,D5,T,F,G2102,A,285954,0,+39.5023700,-121.5044493
1055,00259950,1055T,Enterprise,Enterprise Off-Reservation Trust Land,OT,D5,T,F,G2102,A,166809,0,+39.0507071,-121.5127950
3680,00649741,3680T,Shakopee Mdewakanton Sioux,Shakopee Mdewakanton Sioux Off-Reservation Trust Land,OT,D5,T,F,G2102,A,7535616,11383,+44.7622226,-093.4468799
1880,01616978,1880T,L'Anse,L'Anse Off-Reservation Trust Land,OT,D5,T,F,G2102,A,362712,0,+46.7397585,-088.4294625
2300,00685014,2300T,Mississippi Choctaw,Mississippi Choctaw Off-Reservation Trust Land,OT,D5,T,F,G2102,A,14211868,43919,+32.8008029,-089.2692100
4470,00169579,4470T,Ute Mountain,Ute Mountain Off-Reservation Trust Land,OT,D5,T,F,G2102,A,30138642,0,+37.7237779,-109.6621365
3780,01508317,3780T,Shoalwater Bay,Shoalwater Bay Off-Reservation Trust Land,OT,D5,T,F,G2102,A,927594,0,+46.7335568,-124.0272977
3735,00232986,3735T,Sherwood Valley,Sherwood Valley Off-Reservation Trust Land,OT,D5,T,F,G2102,A,580810,0,+39.4017946,-123.3057067
3460,00255933,3460T,San Pasqual,San Pasqual Off-Reservation Trust Land,OT,D5,T,F,G2102,A,2236914,0,+33.1859817,-116.9995924
2340,02419023,2340T,Mooretown,Mooretown Off-Reservation Trust Land,OT,D5,T,F,G2102,A,1065555,0,+39.4696161,-121.5187736
1963,02419000,1963T,Little Traverse Bay,Little Traverse Bay Off-Reservation Trust Land,OT,D5,T,F,G2102,A,2604575,9574,+45.6984864,-084.8109028
2240,00307483,2240T,Miccosukee,Miccosukee Off-Reservation Trust Land,OT,D5,T,F,G2102,A,20422139,70080,+26.3086679,-081.0895302
1590,00479831,1590T,Iowa (KS-NE),Iowa (KS-NE) Off-Reservation Trust Land,OT,D5,T,F,G2102,A,639440,0,+39.9689356,-095.3821528
3285,00479832,3285T,Sac and Fox Nation,Sac and Fox Nation Off-Reservation Trust Land,OT,D5,T,F,G2102,A,1592651,0,+39.7166880,-095.7397850
4708,00027214,4708T,Yavapai-Apache Nation,Yavapai-Apache Nation Off-Reservation Trust Land,OT,D5,T,F,G2102,A,4786168,0,+34.6301233,-111.9199476
4755,02419529,4755T,Ysleta del Sur,Ysleta del Sur Off-Reservation Trust Land,OT,D5,T,F,G2102,A,12759570,0,+31.9080703,-106.0178839
3195,00234577,3195T,Robinson,Robinson Off-Reservation Trust Land,OT,D5,T,F,G2102,A,92040,0,+39.0522254,-122.9376294
4770,01934347,4770T,Zia,Zia Off-Reservation Trust Land,OT,D5,T,F,G2102,A,8525601,0,+35.4955698,-106.7979062
4545,01133438,4545T,Warm Springs,Warm Springs Off-Reservation Trust Land,OT,D5,T,F,G2102,A,22064556,0,+45.6510177,-120.4786283
2495,02419036,2495T,North Fork,North Fork Off-Reservation Trust Land,OT,D5,T,F,G2102,A,669353,0,+37.2277450,-119.4805730
2775,01670201,2775T,Picayune,Picayune Off-Reservation Trust Land,OT,D5,T,F,G2102,A,504904,1787,+37.2110723,-119.7017353
4180,02419492,4180T,Timbi-Sha Shoshone,Timbi-Sha Shoshone Off-Reservation Trust Land,OT,D5,T,F,G2102,A,1353586,0,+36.4479352,-116.8702569
0325,02419316,0325T,Blue Lake,Blue Lake Off-Reservation Trust Land,OT,D5,T,F,G2102,A,200342,9060,+40.8844783,-124.0023855
0185,02419307,0185T,Benton Paiute,Benton Paiute Off-Reservation Trust Land,OT,D5,T,F,G2102,A,871283,0,+37.7865220,-118.5227406
0350,02419320,0350T,Bridgeport,Bridgeport Off-Reservation Trust Land,OT,D5,T,F,G2102,A,157206,0,+38.2666833,-119.2198381
0690,02418876,0690T,Coconut Creek,Coconut Creek Trust Land,89,D3,T,F,G2102,A,24456,1388,+26.2775722,-080.1998564
3665,02419138,3665T,Seminole (FL),Seminole (FL) Trust Land,89,D3,T,F,G2102,A,7841,0,+26.1039622,-080.2018882
2400,00918263,2400T,Nambe,Nambe Off-Reservation Trust Land,OT,D5,T,F,G2102,A,748650,0,+35.8511117,-105.8237406
3415,00918342,3415T,San Ildefonso,San Ildefonso Off-Reservation Trust Land,OT,D5,T,F,G2102,A,8710682,0,+35.8813218,-106.2165669
3495,00937196,3495T,Santa Clara,Santa Clara Off-Reservation Trust Land,OT,D5,T,F,G2102,A,4928032,0,+35.9590407,-106.2297960
4200,00023763,4200T,Tohono O'odham Nation,Tohono O'odham Nation Off-Reservation Trust Land,OT,D5,T,F,G2102,A,159818,0,+32.9637862,-112.7186790
1370,02418951,1370T,Grand Traverse,Grand Traverse Off-Reservation Trust Land,OT,D5,T,F,G2102,A,3425025,0,+45.0326809,-085.6130829
1960,02418998,1960T,Little River,Little River Off-Reservation Trust Land,OT,D5,T,F,G2102,A,3905792,0,+43.9423850,-086.2383692
2900,02419061,2900T,Ponca (NE),Ponca (NE) Trust Land,89,D3,T,F,G2102,A,828880,0,+42.7123090,-098.0868614
1365,02418950,1365T,Grand Ronde,Grand Ronde Off-Reservation Trust Land,OT,D5,T,F,G2102,A,833694,0,+45.0731897,-123.6235964
2910,01507567,2910T,Port Gamble,Port Gamble Off-Reservation Trust Land,OT,D5,T,F,G2102,A,207938,0,+47.8364685,-122.5377638
3020,00265103,3020T,Quartz Valley,Quartz Valley Off-Reservation Trust Land,OT,D5,T,F,G2102,A,420838,15011,+41.5908638,-122.9798801
4235,00032748,4235T,Tonto Apache,Tonto Apache Off-Reservation Trust Land,OT,D5,T,F,G2102,A,1111003,0,+34.2210873,-111.3208172
0955,00222639,0955T,Dry Creek,Dry Creek Off-Reservation Trust Land,OT,D5,T,F,G2102,A,74568,0,+38.7008979,-122.8606400
3985,00235473,3985T,Stewarts Point,Stewarts Point Off-Reservation Trust Land,OT,D5,T,F,G2102,A,2057011,0,+38.6515864,-123.3267934
2150,02547776,2150T,Match-e-be-nash-she-wish Band of Pottawatomi,Match-e-be-nash-she-wish Band of Pottawatomi Off-Reservation Trust Land,OT,D5,T,F,G2102,A,1666662,52672,+42.6414191,-085.6575021
1235,00024003,1235T,Fort Mojave,Fort Mojave Off-Reservation Trust Land,OT,D5,T,F,G2102,A,201955,11714,+34.8519398,-114.6158249
3855,00274833,3855T,Smith River,Smith River Off-Reservation Trust Land,OT,D5,T,F,G2102,A,151552,0,+41.9524685,-124.2019869
2835,02419056,2835T,Pit River,Pit River Trust Land,89,D3,T,F,G2102,A,1086963,522,+40.8644653,-121.6766765
0620,02419337,0620T,Chicken Ranch,Chicken Ranch Off-Reservation Trust Land,OT,D5,T,F,G2102,A,79259,0,+37.9274052,-120.4489648
0250,00256983,0250T,Big Pine,Big Pine Off-Reservation Trust Land,OT,D5,T,F,G2102,A,60027,0,+37.1669746,-118.2770619
1840,01934340,1840T,Laguna,Laguna Off-Reservation Trust Land,OT,D5,T,F,G2102,A,39155952,169266,+35.2656107,-107.4743161
2430,00041148,2430T,Navajo Nation,Navajo Nation Off-Reservation Trust Land,OT,D5,T,F,G2102,A,4899746662,1825063,+35.7798707,-108.1737616
4045,00858261,4045T,Summit Lake,Summit Lake Off-Reservation Trust Land,OT,D5,T,F,G2102,A,1034333,0,+41.5080753,-119.1000244
1135,02418936,1135T,Forest County Potawatomi,Forest County Potawatomi Off-Reservation Trust Land,OT,D5,T,F,G2102,A,3747970,10,+45.4668480,-088.6593229
3885,01577206,3885T,Sokaogon Chippewa,Sokaogon Chippewa Off-Reservation Trust Land,OT,D5,T,F,G2102,A,5587135,25301,+45.5091079,-088.9946540
1150,00767938,1150T,Fort Belknap,Fort Belknap Off-Reservation Trust Land,OT,D5,T,F,G2102,A,116801788,341661,+48.0787111,-108.9625741
1940,00659096,1940T,Leech Lake,Leech Lake Off-Reservation Trust Land,OT,D5,T,F,G2102,A,216159,38149,+47.2707196,-093.9461104
4595,01934333,4595T,White Earth,White Earth Off-Reservation Trust Land,OT,D5,T,F,G2102,A,10177605,186669,+47.1557752,-095.3108266
4530,02419514,4530T,Wampanoag-Aquinnah,Wampanoag-Aquinnah Trust Land,89,D3,T,F,G2102,A,1903942,21663,+41.3464552,-070.7862702
0605,01267254,0605T,Cheyenne River,Cheyenne River Off-Reservation Trust Land,OT,D5,T,F,G2102,A,17703287,2842475,+44.2826944,-100.4358607
1460,01505548,1460T,Hoh,Hoh Off-Reservation Trust Land,OT,D5,T,F,G2102,A,1755019,0,+47.7350914,-124.3963280
1800,00394860,1800T,Kootenai,Kootenai Off-Reservation Trust Land,OT,D5,T,F,G2102,A,11906037,229787,+48.8267844,-116.3766336
0560,02419333,0560T,Celilo,Celilo Village,94,D3,T,F,G2102,A,460479,0,+45.6445947,-120.9662614
0845,00806896,0845T,Crow,Crow Off-Reservation Trust Land,OT,D5,T,F,G2102,A,81288003,388787,+45.2038188,-107.0170748
2175,01831784,2175T,Menominee,Menominee Off-Reservation Trust Land,OT,D5,T,F,G2102,A,5072833,4848,+44.9336076,-088.7430657
1750,02418982,1750T,Karuk,Karuk Off-Reservation Trust Land,OT,D5,T,F,G2102,A,3807111,62856,+41.8040513,-123.3584261
4275,00268407,4275T,Trinidad,Trinidad Off-Reservation Trust Land,OT,D5,T,F,G2102,A,139583,0,+40.9804378,-124.0900318
0335,02105053,0335T,Bois Forte,Bois Forte Off-Reservation Trust Land,OT,D5,T,F,G2102,A,5451645,0,+47.8243669,-092.3570092
1125,00654521,1125T,Fond du Lac,Fond du Lac Off-Reservation Trust Land,OT,D5,T,F,G2102,A,1406259,13353,+46.3545303,-091.7945333
4015,01577203,4015T,Stockbridge Munsee,Stockbridge Munsee Off-Reservation Trust Land,OT,D5,T,F,G2102,A,5674353,27194,+44.8634460,-088.8977207
1735,01528426,1735T,Kalispel,Kalispel Off-Reservation Trust Land,OT,D5,T,F,G2102,A,9627909,187920,+48.4036562,-117.3083344
0795,00545438,0795T,Coushatta,Coushatta Off-Reservation Trust Land,OT,D5,T,F,G2102,A,1704711,18952,+30.5447486,-092.8168309
4060,00235836,4060T,Susanville,Susanville Off-Reservation Trust Land,OT,D5,T,F,G2102,A,1495466,0,+40.4477702,-120.6171773
2145,00212541,2145T,Mashantucket Pequot,Mashantucket Pequot Off-Reservation Trust Land,OT,D5,T,F,G2102,A,1159790,0,+41.4509924,-071.9726006
3445,00248904,3445T,San Manuel,San Manuel Off-Reservation Trust Land,OT,D5,T,F,G2102,A,1139350,0,+34.1481050,-117.2113120
0155,00255962,0155T,Barona,Barona Off-Reservation Trust Land,OT,D5,T,F,G2102,A,5200225,0,+32.9396330,-116.8393000
2030,01267015,2030T,Lower Brule,Lower Brule Off-Reservation Trust Land,OT,D5,T,F,G2102,A,14565492,0,+44.1846184,-100.1748756
1700,01934339,1700T,Jicarilla Apache Nation,Jicarilla Apache Nation Off-Reservation Trust Land,OT,D5,T,F,G2102,A,142644302,450551,+36.8748125,-106.4958643
3750,00233021,3750T,Shingle Springs,Shingle Springs Off-Reservation Trust Land,OT,D5,T,F,G2102,A,368891,0,+38.6796433,-120.9129190
0050,01350923,0050T,Alabama-Coushatta,Alabama-Coushatta Off-Reservation Trust Land,OT,D5,T,F,G2102,A,18307193,0,+30.7091809,-094.6550195
3205,00767936,3205T,Rocky Boy's,Rocky Boy's Off-Reservation Trust Land,OT,D5,T,F,G2102,A,215377914,133221,+48.3225860,-109.9024006
2130,00023997,2130T,Maricopa (Ak Chin),Maricopa (Ak Chin) Off-Reservation Trust Land,OT,D5,T,F,G2102,A,1268407,19164,+33.0818481,-112.0859255
4315,02419503,4315T,Tunica-Biloxi,Tunica-Biloxi Off-Reservation Trust Land,OT,D5,T,F,G2102,A,1460729,0,+31.1012691,-092.0526370
3165,00273286,3165T,Rincon,Rincon Off-Reservation Trust Land,OT,D5,T,F,G2102,A,2362215,0,+33.2628402,-116.9358708
1815,01577192,1815T,Lac Courte Oreilles,Lac Courte Oreilles Off-Reservation Trust Land,OT,D5,T,F,G2102,A,2881300,56225,+45.9908980,-091.3748928
4445,00653567,4445T,Upper Sioux,Upper Sioux Off-Reservation Trust Land,OT,D5,T,F,G2102,A,764361,0,+44.7667518,-095.5370172
4140,01934342,4140T,Taos,Taos Off-Reservation Trust Land,OT,D5,T,F,G2102,A,3167759,0,+36.4229330,-105.5963598
1775,02418986,1775T,Kickapoo (TX),Kickapoo (TX) Off-Reservation Trust Land,OT,D5,T,F,G2102,A,335153,0,+28.6124041,-100.4346571
2270,02419017,2270T,Mille Lacs,Mille Lacs Off-Reservation Trust Land,OT,D5,T,F,G2102,A,5854123,34165,+46.0066879,-092.5342672
1400,00224709,1400T,Guidiville,Guidiville Off-Reservation Trust Land,OT,D5,T,F,G2102,A,9493,0,+39.1390444,-123.1485017
2285,02419018,2285T,Minnesota Chippewa,Minnesota Chippewa Trust Land,89,D3,T,F,G2102,A,1162890,0,+46.9891248,-094.0369818
4405,01159100,4405T,Umatilla,Umatilla Off-Reservation Trust Land,OT,D5,T,F,G2102,A,13860941,35639,+45.9055237,-119.2448199
0165,00838653,0165T,Battle Mountain,Battle Mountain Off-Reservation Trust Land,OT,D5,T,F,G2102,A,6030,0,+40.6523366,-116.9644654
1250,00805884,1250T,Fort Peck,Fort Peck Off-Reservation Trust Land,OT,D5,T,F,G2102,A,948678,0,+48.1448401,-104.5976776
1170,00260275,1170T,Fort Bidwell,Fort Bidwell Off-Reservation Trust Land,OT,D5,T,F,G2102,A,342312,0,+41.8469906,-120.1765309
2985,00654519,2985T,Prairie Island,Prairie Island Off-Reservation Trust Land,OT,D5,T,F,G2102,A,8140873,3282040,+44.6458515,-092.6847677
2890,02419058,2890T,Pokagon,Pokagon Off-Reservation Trust Land,OT,D5,T,F,G2102,A,11087117,189691,+41.9406197,-086.1791036
1505,00024001,1505T,Hopi,Hopi Off-Reservation Trust Land,OT,D5,T,F,G2102,A,683834,0,+35.0346911,-110.7484498
1545,00045633,1545T,Hualapai,Hualapai Off-Reservation Trust Land,OT,D5,T,F,G2102,A,28178717,0,+35.6875125,-113.8892355
2375,01533394,2375T,Muckleshoot,Muckleshoot Off-Reservation Trust Land,OT,D5,T,F,G2102,A,300062,1829,+47.2633042,-122.1357533
3000,01514929,3000T,Puyallup,Puyallup Off-Reservation Trust Land,OT,D5,T,F,G2102,A,166785,172029,+47.2807017,-122.3924207
4000,02419481,4000T,Stillaguamish,Stillaguamish Off-Reservation Trust Land,OT,D5,T,F,G2102,A,3759849,0,+48.2127670,-122.1868671
4290,01511575,4290T,Tulalip,Tulalip Off-Reservation Trust Land,OT,D5,T,F,G2102,A,107325,0,+48.0969060,-122.1805512
1185,00399059,1185T,Fort Hall,Fort Hall Off-Reservation Trust Land,OT,D5,T,F,G2102,A,1081229,987161,+42.9014394,-111.9661985
0170,01622234,0170T,Bay Mills,Bay Mills Off-Reservation Trust Land,OT,D5,T,F,G2102,A,88291,0,+46.4598643,-084.7270674
0555,00220808,0555T,Cedarville,Cedarville Off-Reservation Trust Land,OT,D5,T,F,G2102,A,45732,0,+41.5279371,-120.1819883
0120,00218454,0120T,Auburn,Auburn Off-Reservation Trust Land,OT,D5,T,F,G2102,A,4303768,0,+39.0228755,-121.3243839
3635,02419132,3635T,Sault Ste. Marie,Sault Ste. Marie Off-Reservation Trust Land,OT,D5,T,F,G2102,A,2788777,0,+46.2762117,-084.4505137
0400,01118340,0400T,Burns Paiute,Burns Paiute Off-Reservation Trust Land,OT,D5,T,F,G2102,A,45758475,67875,+43.5472187,-118.7912419
2475,02419035,2475T,Nooksack,Nooksack Off-Reservation Trust Land,OT,D5,T,F,G2102,A,11359416,235139,+48.8067676,-122.1876849
4170,00937203,4170T,Tesuque,Tesuque Off-Reservation Trust Land,OT,D5,T,F,G2102,A,1202721,0,+35.8040969,-105.8309448
4090,00273630,4090T,Sycuan,Sycuan Off-Reservation Trust Land,OT,D5,T,F,G2102,A,6667061,0,+32.7810641,-116.8534736
0760,01529464,0760T,Colville,Colville Off-Reservation Trust Land,OT,D5,T,F,G2102,A,579829,23757,+47.8835045,-120.1348282
2360,00255940,2360T,Morongo,Morongo Off-Reservation Trust Land,OT,D5,T,F,G2102,A,163202,0,+33.9015378,-116.7958957
4345,01934334,4345T,Turtle Mountain,Turtle Mountain Off-Reservation Trust Land,OT,D5,T,F,G2102,A,414209053,14575265,+48.8948505,-098.0651554
2865,02419057,2865T,Poarch Creek,Poarch Creek Off-Reservation Trust Land,OT,D5,T,F,G2102,A,536310,0,+31.0988925,-087.5635737
0020,01934324,0020T,Agua Caliente,Agua Caliente Off-Reservation Trust Land,OT,D5,T,F,G2102,A,14776719,0,+33.7417102,-116.5647651
3795,01155124,3795T,Siletz,Siletz Off-Reservation Trust Land,OT,D5,T,F,G2102,A,3070724,0,+44.8115940,-123.9947464
4785,01934346,4785T,Zuni,Zuni Off-Reservation Trust Land,OT,D5,T,F,G2102,A,171535630,0,+34.7573000,-108.9296764
4390,01448012,4390T,Uintah and Ouray,Uintah and Ouray Off-Reservation Trust Land,OT,D5,T,F,G2102,A,3305314,33918,+39.5899074,-111.0894621
4560,02419516,4560T,Washoe Ranches,Washoe Ranches Trust Land,89,D3,T,F,G2102,A,375530043,2705893,+38.8740416,-119.5646027
1010,01657318,1010T,Elk Valley,Elk Valley Off-Reservation Trust Land,OT,D5,T,F,G2102,A,1586786,0,+41.7603970,-124.1473568
2695,02419052,2695T,Passamaquoddy,Passamaquoddy Trust Land,89,D3,T,F,G2102,A,373266178,15429335,+44.7990930,-067.7710750
4690,01502906,4690T,Yakama Nation,Yakama Nation Off-Reservation Trust Land,OT,D5,T,F,G2102,A,85211546,0,+45.8675460,-119.9193980
1530,02418969,1530T,Houlton Maliseet,Houlton Maliseet Off-Reservation Trust Land,OT,D5,T,F,G2102,A,1651204,0,+46.1888323,-067.8059408
2760,00582669,2760T,Penobscot,Penobscot Off-Reservation Trust Land,OT,D5,T,F,G2102,A,377285032,20006248,+45.3143117,-068.1399445
3130,00853944,3130T,Reno-Sparks,Reno-Sparks Off-Reservation Trust Land,OT,D5,T,F,G2102,A,96348,0,+39.4285253,-119.7592591
3085,01577204,3085T,Red Cliff,Red Cliff Off-Reservation Trust Land,OT,D5,T,F,G2102,A,2150439,0,+46.8864160,-090.8048047
3250,00267196,3250T,Round Valley,Round Valley Off-Reservation Trust Land,OT,D5,T,F,G2102,A,63372001,127157,+39.8939490,-123.3690551
3870,00249635,3870T,Soboba,Soboba Off-Reservation Trust Land,OT,D5,T,F,G2102,A,5391949,54533,+33.7853233,-116.8519432
0305,00806895,0305T,Blackfeet,Blackfeet Off-Reservation Trust Land,OT,D5,T,F,G2102,A,300363,0,+48.1820186,-112.8303259
3280,00463420,3280T,Sac and Fox/Meskwaki,Sac and Fox/Meskwaki Off-Reservation Trust Land,OT,D5,T,F,G2102,A,946792,0,+41.9456282,-092.6399909
0265,01667416,0265T,Big Sandy,Big Sandy Off-Reservation Trust Land,OT,D5,T,F,G2102,A,311957,0,+37.0931332,-119.4694894
2560,01577191,2560T,Oneida (WI),Oneida (WI) Off-Reservation Trust Land,OT,D5,T,F,G2102,A,1339489,0,+44.5795654,-088.2349554
0575,01503930,0575T,Chehalis,Chehalis Off-Reservation Trust Land,OT,D5,T,F,G2102,A,4545276,37957,+46.8242541,-123.1647407
3955,01508671,3955T,Squaxin Island,Squaxin Island Off-Reservation Trust Land,OT,D5,T,F,G2102,A,2189540,79427,+47.1185262,-123.1083148
4375,00250737,4375T,Twenty-Nine Palms,Twenty-Nine Palms Off-Reservation Trust Land,OT,D5,T,F,G2102,A,204419,0,+33.7122887,-116.1797072
3305,01843172,3305T,St. Croix,St. Croix Off-Reservation Trust Land,OT,D5,T,F,G2102,A,1482986,112902,+46.0085942,-092.3611669
0815,02418898,0815T,Cow Creek,Cow Creek Off-Reservation Trust Land,OT,D5,T,F,G2102,A,77179840,0,+42.9680740,-122.9078340
0115,02562463,0115T,Aroostook Band of Micmac,Aroostook Band of Micmac Trust Land,89,D3,T,F,G2102,A,4235781,0,+46.9202447,-067.8873059
4500,00251037,4500T,Viejas,Viejas Off-Reservation Trust Land,OT,D5,T,F,G2102,A,370690,0,+32.8597035,-116.7052297
4075,01528418,4075T,Swinomish,Swinomish Off-Reservation Trust Land,OT,D5,T,F,G2102,A,304,277,+48.3896283,-122.4982552
2490,01637567,2490T,Northern Cheyenne,Northern Cheyenne Off-Reservation Trust Land,OT,D5,T,F,G2102,A,25508256,31616,+45.3784418,-106.6550060
4300,00275158,4300T,Tule River,Tule River Off-Reservation Trust Land,OT,D5,T,F,G2102,A,206278,0,+36.0907593,-118.8805008
4610,01597068,4610T,Wind River,Wind River Off-Reservation Trust Land,OT,D5,T,F,G2102,A,20438904,0,+43.7285375,-108.5367073
4625,00834982,4625T,Winnebago,Winnebago Off-Reservation Trust Land,OT,D5,T,F,G2102,A,464635,0,+41.6874933,-096.3710593
1550,02109298,1550T,Huron Potawatomi,Huron Potawatomi Off-Reservation Trust Land,OT,D5,T,F,G2102,A,341470,0,+42.2964602,-085.0748466
1655,02418978,1655T,Jamestown S'Klallam,Jamestown S'Klallam Off-Reservation Trust Land,OT,D5,T,F,G2102,A,1097795,18775,+48.1192669,-123.1729692
1450,02418963,1450T,Ho-Chunk Nation,Ho-Chunk Nation Off-Reservation Trust Land,OT,D5,T,F,G2102,A,32399744,171557,+44.8618259,-089.1521240
4455,02419510,4455T,Upper Skagit,Upper Skagit Off-Reservation Trust Land,OT,D5,T,F,G2102,A,3141222,0,+48.5645357,-122.3354350
0010,01934337,0010T,Acoma,Acoma Off-Reservation Trust Land,OT,D5,T,F,G2102,A,476750633,94718,+34.6058809,-107.6776410
1860,01934336,1860T,Lake Traverse,Lake Traverse Off-Reservation Trust Land,OT,D5,T,F,G2102,A,562744,0,+45.9412132,-096.8269157
3930,00861680,3930T,South Fork,South Fork Off-Reservation Trust Land,OT,D5,T,F,G2102,A,29336928,0,+40.7079777,-115.7085604
3825,01525866,3825T,Skokomish,Skokomish Off-Reservation Trust Land,OT,D5,T,F,G2102,A,3495102,0,+47.4660614,-123.2170034
2040,01528424,2040T,Lower Elwha,Lower Elwha Off-Reservation Trust Land,OT,D5,T,F,G2102,A,3878654,24871,+48.1288436,-123.5486176
1070,00850495,1070T,Fallon Paiute-Shoshone (Colony),Fallon Paiute-Shoshone (Colony) Off-Reservation Trust Land,OT,D5,T,F,G2102,A,207008,0,+39.4772430,-118.7713383
1355,00654523,1355T,Grand Portage,Grand Portage Off-Reservation Trust Land,OT,D5,T,F,G2102,A,145754,0,+47.8867133,-089.8710180
1410,01616983,1410T,Hannahville,Hannahville Off-Reservation Trust Land,OT,D5,T,F,G2102,A,9250376,0,+45.6845313,-087.3419917
2147,02786720,2147T,Mashpee Wampanoag,Mashpee Wampanoag Trust Land,89,D3,T,F,G2102,A,1276676,16972,+41.6391083,-070.4754432
5198,02634632,5198T,Princess Kahanu Estates,Princess Kahanu Estates Hawaiian Home Land,78,F1,T,F,G2120,N,215014,0,+21.3966110,-158.1570118
5043,02634614,5043T,Kakaina-Kumuhau,Kakaina-Kumuhau Hawaiian Home Land,78,F1,T,F,G2120,N,84090,0,+21.3451595,-157.7261571
5044,02634615,5044T,Kalaeloa,Kalaeloa Hawaiian Home Land,78,F1,T,F,G2120,N,2318081,0,+21.3183110,-158.0810285
5053,02634616,5053T,Kalawahine,Kalawahine Hawaiian Home Land,78,F1,T,F,G2120,N,191538,0,+21.3163496,-157.8351710
5091,01853020,5091T,Kawaihae,Kawaihae Hawaiian Home Land,78,F1,T,F,G2120,N,41407083,0,+20.0728358,-155.7975564
5101,01853342,5101T,Kealakehe,Kealakehe Hawaiian Home Land,78,F1,T,F,G2120,N,2884021,0,+19.6726813,-155.9955650
5106,01853343,5106T,Keaukaha,Keaukaha Hawaiian Home Land,78,F1,T,F,G2120,N,6833041,0,+19.7249138,-155.0148246
5116,00361139,5116T,Keoniki,Keoniki Hawaiian Home Land,78,F1,T,F,G2120,N,934537,0,+20.0389595,-155.6966502
5008,02634611,5008T,East Kapolei,East Kapolei Hawaiian Home Land,78,F1,T,F,G2120,N,857877,0,+21.3499217,-158.0438494
5009,02634612,5009T,Haiku,Haiku Hawaiian Home Land,78,F1,T,F,G2120,N,584613,0,+21.4059718,-157.8271913
5029,01853346,5029T,Honokowai,Honokowai Hawaiian Home Land,78,F1,T,F,G2120,N,3240911,5142,+20.9459806,-156.6668870
5186,01853350,5186T,Paukukalo,Paukukalo Hawaiian Home Land,78,F1,T,F,G2120,N,252395,0,+20.9067132,-156.4927891
5199,02414182,5199T,Pulehunui,Pulehunui Hawaiian Home Land,78,F1,T,F,G2120,N,1587124,0,+20.8127136,-156.4634679
5213,01853356,5213T,South Maui,South Maui Hawaiian Home Land,78,F1,T,F,G2120,N,890437,0,+20.6030446,-156.4207189
5241,00364587,5241T,Waiehu,Waiehu Hawaiian Home Land,78,F1,T,F,G2120,N,524527,0,+20.9268192,-156.5040169
5135,02634624,5135T,Leialii,Leialii Hawaiian Home Land,78,F1,T,F,G2120,N,296200,0,+20.9032678,-156.6814239
5139,02634626,5139T,Makaha Valley,Makaha Valley Hawaiian Home Land,78,F1,T,F,G2120,N,955026,0,+21.4731360,-158.1947839
5148,02634627,5148T,Maluohai,Maluohai Hawaiian Home Land,78,F1,T,F,G2120,N,153042,0,+21.3310163,-158.0683574
5138,02634625,5138T,Maili,Maili Hawaiian Home Land,78,F1,T,F,G2120,N,362369,0,+21.4128958,-158.1700624
5188,02634629,5188T,Pearl City,Pearl City Hawaiian Home Land,78,F1,T,F,G2120,N,94785,0,+21.4039944,-157.9789914
5193,02634630,5193T,Piihonua,Piihonua Hawaiian Home Land,78,F1,T,F,G2120,N,21251,0,+19.7155547,-155.1061986
5196,02634631,5196T,Ponohawaii,Ponohawaii Hawaiian Home Land,78,F1,T,F,G2120,N,3727,0,+19.7062724,-155.0852849
5067,02634618,5067T,Kanehili,Kanehili Hawaiian Home Land,78,F1,T,F,G2120,N,279722,0,+21.3410978,-158.0554945
5004,02634610,5004T,Anahola (Residential),Anahola (Residential) Hawaiian Home Land,78,F1,T,F,G2120,N,14577614,73631,+22.1351745,-159.3323810
5011,00359057,5011T,Hanapepe,Hanapepe Hawaiian Home Land,78,F1,T,F,G2120,N,1474122,0,+21.9158321,-159.5957766
5071,00360456,5071T,Kapaa,Kapaa Hawaiian Home Land,78,F1,T,F,G2120,N,70824,0,+22.0778462,-159.3176968
5111,01853344,5111T,Kekaha,Kekaha Hawaiian Home Land,78,F1,T,F,G2120,N,205241,0,+21.9719113,-159.7201095
5088,02634619,5088T,Kaupea,Kaupea Hawaiian Home Land,78,F1,T,F,G2120,N,216739,0,+21.3293499,-158.0619001
5098,02634620,5098T,Keahuolu,Keahuolu Hawaiian Home Land,78,F1,T,F,G2120,N,613892,0,+19.6624986,-155.9842501
5223,02634634,5223T,Waiahole,Waiahole Hawaiian Home Land,78,F1,T,F,G2120,N,74572,0,+21.4848609,-157.8655241
5248,02634649,5248T,Waiku-Hana,Waiku-Hana Hawaiian Home Land,78,F1,T,F,G2120,N,2981190,0,+20.7742294,-156.0131566
5239,02634648,5239T,Waianae Kai,Waianae Kai Hawaiian Home Land,78,F1,T,F,G2120,N,101577,0,+21.4385133,-158.1770426
5222,02634633,5222T,Upolu,Upolu Hawaiian Home Land,78,F1,T,F,G2120,N,142285,0,+20.2494668,-155.8869263
5176,01853349,5176T,Panaewa (Agricultural),Panaewa (Agricultural) Hawaiian Home Land,78,F1,T,F,G2120,N,6864225,19097,+19.6855873,-155.0499937
5181,00363180,5181T,Pauahi,Pauahi Hawaiian Home Land,78,F1,T,F,G2120,N,2237110,0,+20.0473561,-155.7187852
5177,01853352,5177T,Panaewa (Residential),Panaewa (Residential) Hawaiian Home Land,78,F1,T,F,G2120,N,494132,0,+19.6927730,-155.0601410
5201,00364148,5201T,Puukapu,Puukapu Hawaiian Home Land,78,F1,T,F,G2120,N,48826569,47815,+20.0103271,-155.6254905
5283,00364821,5283T,Waiohinu,Waiohinu Hawaiian Home Land,78,F1,T,F,G2120,N,1116534,0,+19.0735740,-155.6202342
5051,00360095,5051T,Kalaupapa,Kalaupapa Hawaiian Home Land,78,F1,T,F,G2120,N,5027873,0,+21.1845725,-156.9840575
5133,02414179,5133T,Lalamilo,Lalamilo Hawaiian Home Land,78,F1,T,F,G2120,N,1004345,0,+20.0240427,-155.7063641
5114,02634621,5114T,Keokea (Agricultural),Keokea (Agricultural) Hawaiian Home Land,78,F1,T,F,G2120,N,9981356,0,+20.7199643,-156.3851231
5146,00362126,5146T,Makuu,Makuu Hawaiian Home Land,78,F1,T,F,G2120,N,8898121,0,+19.5268775,-154.9639958
5166,00362640,5166T,Nienie,Nienie Hawaiian Home Land,78,F1,T,F,G2120,N,28726576,0,+20.0103422,-155.5126259
5069,00362767,5069T,Kaohe-Olaa,Kaohe-Olaa Hawaiian Home Land,78,F1,T,F,G2120,N,2753056,0,+19.4883210,-155.1922628
5236,00364489,5236T,Waiakea,Waiakea Hawaiian Home Land,78,F1,T,F,G2120,N,5606652,0,+19.7020225,-155.0540638
5251,00364713,5251T,Wailau,Wailau Hawaiian Home Land,78,F1,T,F,G2120,N,258239,0,+19.1446123,-155.5171123
5276,00364785,5276T,Waimanu,Waimanu Hawaiian Home Land,78,F1,T,F,G2120,N,835382,0,+20.1355381,-155.6405128
5033,01853339,5033T,Hoolehua-Palaau,Hoolehua-Palaau Hawaiian Home Land,78,F1,T,F,G2120,N,55963215,0,+21.1660288,-157.0957799
5041,00359755,5041T,Kahikinui,Kahikinui Hawaiian Home Land,78,F1,T,F,G2120,N,96495595,0,+20.6433768,-156.2756315
5046,01853005,5046T,Kalamaula,Kalamaula Hawaiian Home Land,78,F1,T,F,G2120,N,20578985,0,+21.1252357,-157.0236245
5061,02634617,5061T,Kamiloloa-Makakupaia,Kamiloloa-Makakupaia Hawaiian Home Land,78,F1,T,F,G2120,N,13149034,158134,+21.0991312,-156.9666410
5026,00359289,5026T,Honokaia,Honokaia Hawaiian Home Land,78,F1,T,F,G2120,N,13019793,0,+20.0350366,-155.5323028
5031,01853338,5031T,Honomu,Honomu Hawaiian Home Land,78,F1,T,F,G2120,N,3091503,48050,+19.8526413,-155.1391993
5018,02634613,5018T,Homuula-Upper Piihonua,Homuula-Upper Piihonua Hawaiian Home Land,78,F1,T,F,G2120,N,250978086,13642,+19.7535957,-155.4049514
5123,00360067,5123T,Kolaoa,Kolaoa Hawaiian Home Land,78,F1,T,F,G2120,N,1944850,0,+19.7192675,-156.0249693
5056,01853340,5056T,Kamaoa-Puueo,Kamaoa-Puueo Hawaiian Home Land,78,F1,T,F,G2120,N,45555656,0,+18.9614914,-155.6530393
5066,01853341,5066T,Kamoku-Kapulena,Kamoku-Kapulena Hawaiian Home Land,78,F1,T,F,G2120,N,19349738,6270,+20.0475702,-155.5597984
5086,00360700,5086T,Kaumana,Kaumana Hawaiian Home Land,78,F1,T,F,G2120,N,72612,0,+19.6842500,-155.1396647
5076,00360469,5076T,Kapaakea,Kapaakea Hawaiian Home Land,78,F1,T,F,G2120,N,7918049,0,+21.1061457,-156.9898030
5104,00360975,5104T,Keanae-Wailua,Keanae-Wailua Hawaiian Home Land,78,F1,T,F,G2120,N,995339,0,+20.8421412,-156.1470862
5286,01853042,5286T,Waiohuli (Residential),Waiohuli (Residential) Hawaiian Home Land,78,F1,T,F,G2120,N,14917552,0,+20.7346031,-156.3756928
5156,00362464,5156T,Moloaa,Moloaa Hawaiian Home Land,78,F1,T,F,G2120,N,1398328,0,+22.1783285,-159.3561839
5256,00364740,5256T,Wailua,Wailua Hawaiian Home Land,78,F1,T,F,G2120,N,2201622,0,+22.0359045,-159.3443499
5281,02414262,5281T,Waimea,Waimea Hawaiian Home Land,78,F1,T,F,G2120,N,61023810,13039,+22.0422684,-159.7138598
5120,02634622,5120T,Kewalo,Kewalo Hawaiian Home Land,78,F1,T,F,G2120,N,51428,0,+21.3141120,-157.8389575
5216,01853355,5216T,Ualapue,Ualapue Hawaiian Home Land,78,F1,T,F,G2120,N,1658281,0,+21.0716988,-156.8349178
5134,02634623,5134T,Lanai City,Lanai City Hawaiian Home Land,78,F1,T,F,G2120,N,190176,0,+20.8273810,-156.9283784
5136,00361918,5136T,Lualualei,Lualualei Hawaiian Home Land,78,F1,T,F,G2120,N,1830493,117026,+21.4596685,-158.1529585
5161,00362574,5161T,Nanakuli,Nanakuli Hawaiian Home Land,78,F1,T,F,G2120,N,9342729,6042,+21.3928859,-158.1184704
5030,01853354,5030T,Honolulu Makai,Honolulu Makai Hawaiian Home Land,78,F1,T,F,G2120,N,94192,0,+21.3360174,-157.8964775
5238,01853126,5238T,Waianae,Waianae Hawaiian Home Land,78,F1,T,F,G2120,N,1497781,0,+21.4615909,-158.1594169
5271,00364774,5271T,Waimanalo,Waimanalo Hawaiian Home Land,78,F1,T,F,G2120,N,8174591,0,+21.3228600,-157.6758450
5003,02634609,5003T,Anahola (Agricultural),Anahola (Agricultural) Hawaiian Home Land,78,F1,T,F,G2120,N,2076473,5227,+22.1440686,-159.3187732
5179,02634628,5179T,Papakolea,Papakolea Hawaiian Home Land,78,F1,T,F,G2120,N,499996,0,+21.3175877,-157.8383926
5083,02414178,5083T,Kapolei,Kapolei Hawaiian Home Land,78,F1,T,F,G2120,N,363048,0,+21.3342139,-158.0526583
6740,02575183,6740R,King Salmon,King Salmon ANVSA,79,E1,R,F,G2130,S,26032495,302763,+58.7189610,-156.7177185
7220,02575188,7220R,Petersburg,Petersburg ANVSA,79,E1,R,F,G2130,S,6411383,261208,+56.8076577,-132.9450430
6150,02418779,6150R,Atka,Atka ANVSA,79,E1,R,F,G2130,S,20650665,168,+52.2246503,-174.1984602
7075,02418745,7075R,Nikolski,Nikolski ANVSA,79,E1,R,F,G2130,S,50874843,1898730,+52.8980282,-168.9432016
7340,02419228,7340R,St. George,St. George ANVSA,79,E1,R,F,G2130,S,90081562,382086106,+56.5827012,-169.6339420
7755,02575193,7755R,Wrangell,Wrangell ANVSA,79,E1,R,F,G2130,S,2414801,0,+56.4728006,-132.3788566
6030,02418758,6030R,Akutan,Akutan ANVSA,79,E1,R,F,G2130,S,3737114,239023,+54.1385732,-165.7914136
6040,02418760,6040R,Alatna,Alatna ANVSA,79,E1,R,F,G2130,S,46583723,1139845,+66.5637616,-152.7679925
6070,02418766,6070R,Allakaket,Allakaket ANVSA,79,E1,R,F,G2130,S,22544588,1058889,+66.5382874,-152.6233944
6100,02418772,6100R,Angoon,Angoon ANVSA,79,E1,R,F,G2130,S,66031963,34900200,+57.4410211,-134.4786291
6310,02418825,6310R,Chilkat,Chilkat ANVSA,79,E1,R,F,G2130,S,3948242,1361999,+59.3998760,-135.8918302
7095,02575187,7095R,Nome,Nome ANVSA,79,E1,R,F,G2130,S,324024802,22471039,+64.5064085,-165.2586889
6015,02418754,6015R,Akhiok,Akhiok ANVSA,79,E1,R,F,G2130,S,19166808,5724762,+56.9483286,-154.2153060
6700,02418641,6700R,Karluk,Karluk ANVSA,79,E1,R,F,G2130,S,63843525,2133122,+57.5909814,-154.3634131
6855,02418682,6855R,Larsen Bay,Larsen Bay ANVSA,79,E1,R,F,G2130,S,10444884,5890617,+57.5298927,-154.0011546
6605,02418621,6605R,Hughes,Hughes ANVSA,79,E1,R,F,G2130,S,10223694,2374667,+66.0515780,-154.2327913
6825,02418673,6825R,Koyuk,Koyuk ANVSA,79,E1,R,F,G2130,S,13213442,0,+64.9410837,-161.1454584
6915,02418698,6915R,Mary's Igloo,Mary's Igloo ANVSA,79,E1,R,F,G2130,S,1152435,125005,+65.1534386,-165.0733749
7375,02419229,7375R,St. Michael,St. Michael ANVSA,79,E1,R,F,G2130,S,56325557,16363506,+63.4584990,-162.1344864
7415,02419208,7415R,Savoonga,Savoonga ANVSA,79,E1,R,F,G2130,S,15208048,0,+63.6797055,-170.4833237
6195,02418788,6195R,Belkofski,Belkofski ANVSA,79,E1,R,F,G2130,S,6911440,2007141,+55.0912911,-162.0418988
6500,02418579,6500R,False Pass,False Pass ANVSA,79,E1,R,F,G2130,S,31840703,0,+54.8878020,-163.4083223
6735,02418652,6735R,King Cove,King Cove ANVSA,79,E1,R,F,G2130,S,31236838,6917922,+55.0567239,-162.2686188
7025,02418732,7025R,Nelson Lagoon,Nelson Lagoon ANVSA,79,E1,R,F,G2130,S,11780943,230843,+55.9756767,-161.3125173
7410,02419207,7410R,Sand Point,Sand Point ANVSA,79,E1,R,F,G2130,S,20659491,456305,+55.3133735,-160.4832129
6860,02575186,6860R,Lesnoi,Lesnoi ANVSA,79,E1,R,F,G2130,S,6250339,313897,+57.7842922,-152.3342576
7485,02575191,7485R,Skagway,Skagway ANVSA,79,E1,R,F,G2130,S,209377422,11735259,+59.5667792,-135.2590961
6725,02575182,6725R,Ketchikan,Ketchikan ANVSA,79,E1,R,F,G2130,S,55874218,234220,+55.3710684,-131.6691004
6590,02418618,6590R,Hoonah,Hoonah ANVSA,79,E1,R,F,G2130,S,15197401,3276590,+58.1220084,-135.4314281
7555,02419248,7555R,Tatitlek,Tatitlek ANVSA,79,E1,R,F,G2130,S,18781753,7281435,+60.8944385,-146.6685607
7150,02419156,7150R,Old Harbor,Old Harbor ANVSA,79,E1,R,F,G2130,S,41927386,16571186,+57.2187982,-153.3296744
7180,02419160,7180R,Ouzinkie,Ouzinkie ANVSA,79,E1,R,F,G2130,S,33576583,3971670,+57.9101275,-152.3823577
7275,02419187,7275R,Port Lions,Port Lions ANVSA,79,E1,R,F,G2130,S,216084874,57061332,+57.7852751,-152.7705691
6610,02418622,6610R,Huslia,Huslia ANVSA,79,E1,R,F,G2130,S,42557560,1672801,+65.7055241,-156.3109536
6690,02418639,6690R,Kaltag,Kaltag ANVSA,79,E1,R,F,G2130,S,56045675,15321784,+64.3141433,-158.7787614
6290,02418816,6290R,Chickaloon,Chickaloon ANVSA,79,E1,R,F,G2130,S,15428847038,157940404,+62.2513951,-148.0091807
6785,02418661,6785R,Knik,Knik ANVSA,79,E1,R,F,G2130,S,18093686314,983100106,+62.0546111,-150.3354418
6910,02418697,6910R,Marshall,Marshall ANVSA,79,E1,R,F,G2130,S,10517008,8501,+61.8715550,-162.0608695
6975,02418719,6975R,Mountain Village,Mountain Village ANVSA,79,E1,R,F,G2130,S,280033261,82346109,+62.1213020,-163.8763569
7745,02419284,7745R,White Mountain,White Mountain ANVSA,79,E1,R,F,G2130,S,4726281,574076,+64.6823553,-163.4127546
7560,02419250,7560R,Tazlina,Tazlina ANVSA,79,E1,R,F,G2130,S,31875183,2206775,+62.0661076,-145.4455198
6795,02575184,6795R,Kodiak,Kodiak ANVSA,79,E1,R,F,G2130,S,126122332,972778,+57.8595850,-152.5581290
6445,02418567,6445R,Egegik,Egegik ANVSA,79,E1,R,F,G2130,S,76536210,98729602,+58.2247882,-157.4565385
6620,02418625,6620R,Igiugig,Igiugig ANVSA,79,E1,R,F,G2130,S,54582330,2714517,+59.3009893,-155.8632749
6625,02418627,6625R,Iliamna,Iliamna ANVSA,79,E1,R,F,G2130,S,96392427,1213528,+59.7783424,-154.8837525
6650,02418632,6650R,Ivanof Bay,Ivanof Bay ANVSA,79,E1,R,F,G2130,S,10860667,0,+55.9181993,-159.4932984
6800,02418666,6800R,Kokhanok,Kokhanok ANVSA,79,E1,R,F,G2130,S,54328656,292193,+59.4121071,-154.7460073
6865,02418684,6865R,Levelock,Levelock ANVSA,79,E1,R,F,G2130,S,43319610,0,+59.0682459,-156.9010206
7035,02418738,7035R,Newhalen,Newhalen ANVSA,79,E1,R,F,G2130,S,15624671,6386436,+59.7370291,-154.9023976
7100,02419145,7100R,Nondalton,Nondalton ANVSA,79,E1,R,F,G2130,S,17451147,704233,+59.9752459,-154.8660461
7205,02419163,7205R,Pedro Bay,Pedro Bay ANVSA,79,E1,R,F,G2130,S,44190373,5815884,+59.7821613,-154.1079305
7215,02419166,7215R,Perryville,Perryville ANVSA,79,E1,R,F,G2130,S,28926603,17584,+55.9344558,-159.1557538
7225,02419169,7225R,Pilot Point,Pilot Point ANVSA,79,E1,R,F,G2130,S,21997040,21429,+57.5587495,-157.5629539
7270,02419186,7270R,Port Heiden,Port Heiden ANVSA,79,E1,R,F,G2130,S,121120569,1568005,+56.9652405,-158.5864165
7665,02419274,7665R,Ugashik,Ugashik ANVSA,79,E1,R,F,G2130,S,247620490,2205172,+57.5051370,-157.2858325
7640,02419265,7640R,Tuntutuliak,Tuntutuliak ANVSA,79,E1,R,F,G2130,S,4984619,716251,+60.3468603,-162.6616562
7645,02419267,7645R,Tununak,Tununak ANVSA,79,E1,R,F,G2130,S,157228998,620897,+60.6071302,-165.1280088
6710,02418644,6710R,Kasigluk,Kasigluk ANVSA,79,E1,R,F,G2130,S,30582208,2752345,+60.8638198,-162.5365979
6750,02418656,6750R,Kipnuk,Kipnuk ANVSA,79,E1,R,F,G2130,S,52483706,798572,+59.9374562,-164.0622225
6810,02418669,6810R,Kongiganak,Kongiganak ANVSA,79,E1,R,F,G2130,S,4936724,279428,+59.9650861,-162.8778785
7630,02419263,7630R,Tuluksak,Tuluksak ANVSA,79,E1,R,F,G2130,S,7577771,246129,+61.1043505,-160.9372312
6035,02418759,6035R,Alakanuk,Alakanuk ANVSA,79,E1,R,F,G2130,S,83395368,24862278,+62.7109971,-164.6497190
6065,02418765,6065R,Algaaciq,Algaaciq ANVSA,79,E1,R,F,G2130,S,5565945,670705,+62.0660446,-163.1598560
6095,02418771,6095R,Andreafsky,Andreafsky ANVSA,79,E1,R,F,G2130,S,66905507,6000827,+62.0627750,-163.2442565
6225,02418793,6225R,Bill Moore's,Bill Moore's ANVSA,79,E1,R,F,G2130,S,6325331,0,+62.9436623,-163.7811318
6285,02418813,6285R,Chevak,Chevak ANVSA,79,E1,R,F,G2130,S,2961589,0,+61.5295597,-165.5941259
6025,02418757,6025R,Akiak,Akiak ANVSA,79,E1,R,F,G2130,S,2173229,15267,+60.9100544,-161.2251730
6615,02418623,6615R,Hydaburg,Hydaburg ANVSA,79,E1,R,F,G2130,S,755589,7081,+55.2058418,-132.8204379
6705,02418643,6705R,Kasaan,Kasaan ANVSA,79,E1,R,F,G2130,S,15703414,1904849,+55.5611447,-132.4068335
6765,02418659,6765R,Klawock,Klawock ANVSA,79,E1,R,F,G2130,S,1609236,886869,+55.5522743,-133.0968677
6990,02418721,6990R,Naknek,Naknek ANVSA,79,E1,R,F,G2130,S,211186474,1716639,+58.7851600,-156.8858719
7505,02419226,7505R,South Naknek,South Naknek ANVSA,79,E1,R,F,G2130,S,226499835,6301244,+58.6755335,-156.9941260
6420,02418558,6420R,Douglas,Douglas ANVSA,79,E1,R,F,G2130,S,198334637,102630,+58.2672748,-134.5378816
7315,02419202,7315R,Russian Mission,Russian Mission ANVSA,79,E1,R,F,G2130,S,13904058,919015,+61.7786639,-161.3629103
7425,02419210,7425R,Scammon Bay,Scammon Bay ANVSA,79,E1,R,F,G2130,S,1212563,0,+61.8419289,-165.5832794
6460,02418571,6460R,Ekwok,Ekwok ANVSA,79,E1,R,F,G2130,S,43368282,3268374,+59.3457816,-157.4870231
6905,02418696,6905R,Manokotak,Manokotak ANVSA,79,E1,R,F,G2130,S,90915954,2322048,+59.0052220,-158.9991991
7040,02418736,7040R,New Koliganek,New Koliganek ANVSA,79,E1,R,F,G2130,S,43323387,877663,+59.6966587,-157.2247646
7050,02418737,7050R,New Stuyahok,New Stuyahok ANVSA,79,E1,R,F,G2130,S,87451715,5672569,+59.4854920,-157.3092736
7260,02419189,7260R,Portage Creek,Portage Creek ANVSA,79,E1,R,F,G2130,S,33682197,0,+58.9050859,-157.6695430
7605,02419257,7605R,Togiak,Togiak ANVSA,79,E1,R,F,G2130,S,122590090,215448099,+59.0498592,-160.3975828
7650,02419269,7650R,Twin Hills,Twin Hills ANVSA,79,E1,R,F,G2130,S,59318572,348444,+59.0818165,-160.2806145
6390,02418852,6390R,Crooked Creek,Crooked Creek ANVSA,79,E1,R,F,G2130,S,258527796,19606827,+61.7966975,-158.0810201
6440,02418566,6440R,Eek,Eek ANVSA,79,E1,R,F,G2130,S,1677567,242697,+60.2162655,-162.0419994
6535,02418598,6535R,Georgetown,Georgetown ANVSA,79,E1,R,F,G2130,S,113448807,2902377,+61.9260236,-157.6571691
6545,02418602,6545R,Goodnews Bay,Goodnews Bay ANVSA,79,E1,R,F,G2130,S,8633994,0,+59.1271649,-161.5753250
6685,02418638,6685R,Kalskag,Kalskag ANVSA,79,E1,R,F,G2130,S,9207919,1151750,+61.5402704,-160.3489828
6450,02418569,6450R,Eklutna,Eklutna ANVSA,79,E1,R,F,G2130,S,11685276,10414294,+61.4667169,-149.3413433
6415,02418555,6415R,Dot Lake,Dot Lake ANVSA,79,E1,R,F,G2130,S,11052892,0,+63.6622624,-144.0160141
6430,02418560,6430R,Eagle,Eagle ANVSA,79,E1,R,F,G2130,S,44053518,0,+64.7434087,-141.1138596
6575,02418613,6575R,Healy Lake,Healy Lake ANVSA,79,E1,R,F,G2130,S,122683829,21452187,+63.9882624,-144.6956556
7115,02419147,7115R,Northway,Northway ANVSA,79,E1,R,F,G2130,S,93061350,8636461,+62.9697687,-141.9691554
7535,02419244,7535R,Tanacross,Tanacross ANVSA,79,E1,R,F,G2130,S,204870313,4217785,+63.3286917,-143.4865974
7133,02419153,7133R,Nunam Iqua,Nunam Iqua ANVSA,79,E1,R,F,G2130,S,29964346,16909273,+62.5068877,-164.9005535
7145,02419155,7145R,Ohogamiut,Ohogamiut ANVSA,79,E1,R,F,G2130,S,23208194,66140,+61.5922551,-161.8729675
7185,02419161,7185R,Paimiut,Paimiut ANVSA,79,E1,R,F,G2130,S,65575906,0,+61.7245152,-165.7641470
7230,02419170,7230R,Pilot Station,Pilot Station ANVSA,79,E1,R,F,G2130,S,4159455,711574,+61.9481743,-162.8726435
7235,02419171,7235R,Pitkas Point,Pitkas Point ANVSA,79,E1,R,F,G2130,S,4160639,0,+62.0374035,-163.2681282
6335,02418834,6335R,Chuathbaluk,Chuathbaluk ANVSA,79,E1,R,F,G2130,S,11576099,4543934,+61.5742136,-159.2490729
7263,02575189,7263R,Port Alsworth,Port Alsworth ANVSA,79,E1,R,F,G2130,S,58425288,385782,+60.1567303,-154.3396098
6280,02418808,6280R,Chenega,Chenega ANVSA,79,E1,R,F,G2130,S,75848955,716582,+60.0920961,-147.9945800
6325,02418829,6325R,Chistochina,Chistochina ANVSA,79,E1,R,F,G2130,S,69332417,63188,+62.6306834,-144.5298084
6330,02418831,6330R,Chitina,Chitina ANVSA,79,E1,R,F,G2130,S,308832263,476310,+61.5270892,-144.5115104
6365,02418846,6365R,Copper Center,Copper Center ANVSA,79,E1,R,F,G2130,S,39000396,26445,+61.9958925,-145.3512625
6257,02575178,6257R,Canyon Village,Canyon Village ANVSA,79,E1,R,F,G2130,S,79690839,8157677,+67.1805698,-142.0495142
7725,02575192,7725R,Venetie,Venetie ANVSA,79,E1,R,F,G2130,S,30296041,0,+67.0291446,-146.4021903
7740,02419282,7740R,Wales,Wales ANVSA,79,E1,R,F,G2130,S,5966050,121,+65.6132325,-168.0683133
6550,02418603,6550R,Grayling,Grayling ANVSA,79,E1,R,F,G2130,S,29082578,16515,+62.8960505,-160.1129894
6585,02418617,6585R,Holy Cross,Holy Cross ANVSA,79,E1,R,F,G2130,S,74677223,18724234,+62.1851150,-159.8587759
6295,02418820,6295R,Chignik,Chignik ANVSA,79,E1,R,F,G2130,S,28352067,12704462,+56.2951796,-158.3917842
6300,02418821,6300R,Chignik Lagoon,Chignik Lagoon ANVSA,79,E1,R,F,G2130,S,34319191,0,+56.3042672,-158.5002595
6305,02418823,6305R,Chignik Lake,Chignik Lake ANVSA,79,E1,R,F,G2130,S,40605810,9482720,+56.2732208,-158.7933764
7580,02419255,7580R,Tetlin,Tetlin ANVSA,79,E1,R,F,G2130,S,473948515,28316360,+63.1274888,-142.3897779
6455,02418570,6455R,Ekuk,Ekuk ANVSA,79,E1,R,F,G2130,S,11150319,0,+58.8052453,-158.5304355
6165,02418782,6165R,Atqasuk,Atqasuk ANVSA,79,E1,R,F,G2130,S,101319315,9365008,+70.4807859,-157.3254592
6175,02418784,6175R,Barrow,Barrow ANVSA,79,E1,R,F,G2130,S,48614921,7013815,+71.2537659,-156.7983808
6680,02418636,6680R,Kaktovik,Kaktovik ANVSA,79,E1,R,F,G2130,S,2005413,704200,+70.1214522,-143.6294350
7125,02419151,7125R,Nuiqsut,Nuiqsut ANVSA,79,E1,R,F,G2130,S,23020445,0,+70.2134825,-150.9896735
7250,02419176,7250R,Point Hope,Point Hope ANVSA,79,E1,R,F,G2130,S,12951806,187666,+68.3442095,-166.6811594
7255,02419177,7255R,Point Lay,Point Lay ANVSA,79,E1,R,F,G2130,S,73847369,9782126,+69.7475625,-163.0111329
6850,02575185,6850R,Lake Minchumina,Lake Minchumina ANVSA,79,E1,R,F,G2130,S,9994937,1038607,+63.8929867,-152.3347085
6315,02418826,6315R,Chilkoot,Chilkoot ANVSA,79,E1,R,F,G2130,S,1223953,0,+59.2247530,-135.4450167
6105,02418773,6105R,Aniak,Aniak ANVSA,79,E1,R,F,G2130,S,29951934,5929577,+61.5681547,-159.5013229
6160,02418780,6160R,Atmautluak,Atmautluak ANVSA,79,E1,R,F,G2130,S,1565431,1164413,+60.8608905,-162.2711540
6205,02418790,6205R,Bethel,Bethel ANVSA,79,E1,R,F,G2130,S,115273171,14508927,+60.7939050,-161.7963225
6255,02418800,6255R,Cantwell,Cantwell ANVSA,79,E1,R,F,G2130,S,261826375,150364,+63.4113960,-148.7496213
6720,02418648,6720R,Kenaitze,Kenaitze ANVSA,79,E1,R,F,G2130,S,5073987324,251913693,+60.5116376,-150.6209812
6995,02418725,6995R,Nanwalek,Nanwalek ANVSA,79,E1,R,F,G2130,S,21716632,35731,+59.3338477,-151.9295579
7080,02418747,7080R,Ninilchik,Ninilchik ANVSA,79,E1,R,F,G2130,S,2327565914,1373326400,+60.0058760,-151.6262470
7265,02419184,7265R,Port Graham,Port Graham ANVSA,79,E1,R,F,G2130,S,16559024,0,+59.3398032,-151.8464982
7400,02419203,7400R,Salamatof,Salamatof ANVSA,79,E1,R,F,G2130,S,20800328,439434,+60.6042123,-151.3112891
7435,02419212,7435R,Seldovia,Seldovia ANVSA,79,E1,R,F,G2130,S,34304082,3288581,+59.4556076,-151.6643757
7655,02419272,7655R,Tyonek,Tyonek ANVSA,79,E1,R,F,G2130,S,32960617,1695007,+61.0873791,-151.1606767
6340,02418835,6340R,Chuloonawick,Chuloonawick ANVSA,79,E1,R,F,G2130,S,92519994,26596223,+62.9302856,-164.0852020
6480,02418573,6480R,Emmonak,Emmonak ANVSA,79,E1,R,F,G2130,S,12861562,2443486,+62.7755898,-164.5092895
6570,02418609,6570R,Hamilton,Hamilton ANVSA,79,E1,R,F,G2130,S,13105564,397340,+62.8911569,-163.8536641
6595,02418619,6595R,Hooper Bay,Hooper Bay ANVSA,79,E1,R,F,G2130,S,19418102,78618,+61.5091672,-166.1114715
6815,02418671,6815R,Kotlik,Kotlik ANVSA,79,E1,R,F,G2130,S,7754326,1310529,+63.0291896,-163.5366538
7735,02419281,7735R,Wainwright,Wainwright ANVSA,79,E1,R,F,G2130,S,26712260,0,+70.6461506,-159.9594507
7765,02419292,7765R,Yakutat,Yakutat ANVSA,79,E1,R,F,G2130,S,259961402,8696512,+59.5635878,-139.6061905
6470,02575181,6470R,Elim,Elim ANVSA,79,E1,R,F,G2130,S,795682736,22721141,+64.6771918,-162.3238235
6075,02418768,6075R,Ambler,Ambler ANVSA,79,E1,R,F,G2130,S,26621407,4063404,+67.0909442,-157.8870972
6250,02418797,6250R,Buckland,Buckland ANVSA,79,E1,R,F,G2130,S,2205782,385080,+65.9765106,-161.1390124
7390,02419230,7390R,St. Paul,St. Paul ANVSA,79,E1,R,F,G2130,S,109514406,5385553,+57.1790765,-170.3228236
7695,02419277,7695R,Unalaska,Unalaska ANVSA,79,E1,R,F,G2130,S,215640186,6061688,+53.9100980,-166.5284187
6835,02418675,6835R,Kwethluk,Kwethluk ANVSA,79,E1,R,F,G2130,S,26211679,4403991,+60.7932269,-161.4308499
6840,02418676,6840R,Kwigillingok,Kwigillingok ANVSA,79,E1,R,F,G2130,S,61624055,90404,+59.8775746,-163.1773167
6845,02418678,6845R,Kwinhagak,Kwinhagak ANVSA,79,E1,R,F,G2130,S,10619793,1517831,+59.7512759,-161.8972055
6875,02418686,6875R,Lime Village,Lime Village ANVSA,79,E1,R,F,G2130,S,198192668,5673660,+61.3300678,-155.2337838
6890,02418690,6890R,Lower Kalskag,Lower Kalskag ANVSA,79,E1,R,F,G2130,S,3222589,1310464,+61.5171211,-160.3546498
6935,02418705,6935R,Mekoryuk,Mekoryuk ANVSA,79,E1,R,F,G2130,S,18302850,33631,+60.3701785,-166.2681731
7005,02418727,7005R,Napaimute,Napaimute ANVSA,79,E1,R,F,G2130,S,65245335,8317630,+61.5571101,-158.7030374
7420,02419209,7420R,Saxman,Saxman ANVSA,79,E1,R,F,G2130,S,2497701,0,+55.3231649,-131.5891500
6045,02418763,6045R,Aleknagik,Aleknagik ANVSA,79,E1,R,F,G2130,S,33326827,17639044,+59.2889609,-158.6643428
6360,02418839,6360R,Clarks Point,Clarks Point ANVSA,79,E1,R,F,G2130,S,8609626,2033385,+58.8329916,-158.5273482
6405,02418554,6405R,Dillingham,Dillingham ANVSA,79,E1,R,F,G2130,S,183720599,7184748,+59.1318702,-158.5676607
7540,02419247,7540R,Tanana,Tanana ANVSA,79,E1,R,F,G2130,S,27636124,11208201,+65.1840040,-152.0551023
7565,02419252,7565R,Telida,Telida ANVSA,79,E1,R,F,G2130,S,4335609,0,+63.3793877,-153.2851665
6790,02418664,6790R,Kobuk,Kobuk ANVSA,79,E1,R,F,G2130,S,40163363,1327064,+66.9234023,-156.9040713
6820,02418672,6820R,Kotzebue,Kotzebue ANVSA,79,E1,R,F,G2130,S,64121147,4521848,+66.8770893,-162.5034779
7085,02418749,7085R,Noatak,Noatak ANVSA,79,E1,R,F,G2130,S,41524644,2125695,+67.5894823,-163.0104336
7110,02419146,7110R,Noorvik,Noorvik ANVSA,79,E1,R,F,G2130,S,2171090,1107191,+66.8282099,-161.0346694
7430,02419211,7430R,Selawik,Selawik ANVSA,79,E1,R,F,G2130,S,6033425,1591057,+66.5980611,-160.0007656
6495,02418578,6495R,Eyak,Eyak ANVSA,79,E1,R,F,G2130,S,35611640,1798509,+60.5448071,-145.6102457
6520,02418592,6520R,Gakona,Gakona ANVSA,79,E1,R,F,G2130,S,94789641,29592,+62.4146320,-145.0071170
6560,02418604,6560R,Gulkana,Gulkana ANVSA,79,E1,R,F,G2130,S,11234868,0,+62.2688500,-145.3738533
6945,02418707,6945R,Mentasta Lake,Mentasta Lake ANVSA,79,E1,R,F,G2130,S,97448591,4825148,+62.9097770,-143.7114823
6670,02418635,6670R,Kake,Kake ANVSA,79,E1,R,F,G2130,S,19872185,15107530,+56.9753204,-133.9036632
6275,02418807,6275R,Chefornak,Chefornak ANVSA,79,E1,R,F,G2130,S,13560879,1951696,+60.1512837,-164.2436396
7130,02419152,7130R,Nulato,Nulato ANVSA,79,E1,R,F,G2130,S,106425939,6977301,+64.6912829,-158.2753502
7300,02419195,7300R,Rampart,Rampart ANVSA,79,E1,R,F,G2130,S,16777293,1473668,+65.4994130,-150.1533407
7310,02419201,7310R,Ruby,Ruby ANVSA,79,E1,R,F,G2130,S,18194550,0,+64.7232896,-155.5005397
7440,02419215,7440R,Shageluk,Shageluk ANVSA,79,E1,R,F,G2130,S,26459996,3323884,+62.6615860,-159.5513678
7520,02419234,7520R,Stevens Village,Stevens Village ANVSA,79,E1,R,F,G2130,S,30174876,3739390,+66.0237107,-149.0803074
7530,02419241,7530R,Takotna,Takotna ANVSA,79,E1,R,F,G2130,S,61682441,0,+62.9823415,-156.0840593
6965,02418713,6965R,Minto,Minto ANVSA,79,E1,R,F,G2130,S,7833798,0,+65.1517814,-149.3723838
7030,02418734,7030R,Nenana,Nenana ANVSA,79,E1,R,F,G2130,S,15101273,148376,+64.5402419,-149.0869275
7070,02418744,7070R,Nikolai,Nikolai ANVSA,79,E1,R,F,G2130,S,11367588,806494,+62.9991147,-154.3749442
6080,02418769,6080R,Anaktuvuk Pass,Anaktuvuk Pass ANVSA,79,E1,R,F,G2130,S,13407366,139518,+68.1497516,-151.6970664
6830,02418674,6830R,Koyukuk,Koyukuk ANVSA,79,E1,R,F,G2130,S,14859766,290257,+64.9021069,-157.6934736
6400,02418551,6400R,Deering,Deering ANVSA,79,E1,R,F,G2130,S,12991931,189707,+66.0694882,-162.7645725
6730,02418650,6730R,Kiana,Kiana ANVSA,79,E1,R,F,G2130,S,2805016,0,+66.9786066,-160.4317771
6755,02418658,6755R,Kivalina,Kivalina ANVSA,79,E1,R,F,G2130,S,4225379,6551940,+67.7268839,-164.5355372
6540,02418601,6540R,Golovin,Golovin ANVSA,79,E1,R,F,G2130,S,10709113,0,+64.5639018,-162.9989429
7010,02418728,7010R,Napakiak,Napakiak ANVSA,79,E1,R,F,G2130,S,5209389,244909,+60.6905409,-161.9855732
7020,02418729,7020R,Napaskiak,Napaskiak ANVSA,79,E1,R,F,G2130,S,7516404,701550,+60.7027854,-161.7537846
7450,02419216,7450R,Shaktoolik,Shaktoolik ANVSA,79,E1,R,F,G2130,S,2765146,23272,+64.3544806,-161.1935141
7465,02419217,7465R,Shishmaref,Shishmaref ANVSA,79,E1,R,F,G2130,S,42980933,4115,+66.1190709,-166.1232774
7500,02419225,7500R,Solomon,Solomon ANVSA,79,E1,R,F,G2130,S,8917857,13548811,+64.4950913,-164.6509663
7510,02419232,7510R,Stebbins,Stebbins ANVSA,79,E1,R,F,G2130,S,84449862,3944516,+63.4733937,-162.2599813
7570,02419253,7570R,Teller,Teller ANVSA,79,E1,R,F,G2130,S,3865313,487521,+65.2523650,-166.3521957
7690,02419276,7690R,Unalakleet,Unalakleet ANVSA,79,E1,R,F,G2130,S,30752192,5397755,+63.9329029,-160.7911235
6630,02418629,6630R,Inalik,Inalik ANVSA,79,E1,R,F,G2130,S,6297821,0,+65.7539244,-168.9225770
6125,02418774,6125R,Anvik,Anvik ANVSA,79,E1,R,F,G2130,S,24578643,6308736,+62.6316273,-160.2151055
6140,02418776,6140R,Arctic Village,Arctic Village ANVSA,79,E1,R,F,G2130,S,30562618,9436650,+68.0872708,-145.6508498
6190,02418786,6190R,Beaver,Beaver ANVSA,79,E1,R,F,G2130,S,53142252,1362789,+66.3847451,-147.2877557
6235,02418794,6235R,Birch Creek,Birch Creek ANVSA,79,E1,R,F,G2130,S,20900149,545229,+66.2683268,-145.8765829
6265,02418804,6265R,Chalkyitsik,Chalkyitsik ANVSA,79,E1,R,F,G2130,S,22022281,667826,+66.6467531,-143.7892981
6350,02418836,6350R,Circle,Circle ANVSA,79,E1,R,F,G2130,S,274634016,1398608,+65.8386169,-144.1753301
6490,02418575,6490R,Evansville,Evansville ANVSA,79,E1,R,F,G2130,S,15748975,68589,+66.8924622,-151.5248382
6515,02418585,6515R,Fort Yukon,Fort Yukon ANVSA,79,E1,R,F,G2130,S,17466358,508298,+66.5884097,-145.2276360
6525,02418594,6525R,Galena,Galena ANVSA,79,E1,R,F,G2130,S,44468966,17753689,+64.7414218,-156.8733943
7470,02419218,7470R,Shungnak,Shungnak ANVSA,79,E1,R,F,G2130,S,20853329,2410509,+66.8805050,-157.1499790
6895,02418700,6895R,McGrath,McGrath ANVSA,79,E1,R,F,G2130,S,109641715,14527333,+62.9388831,-155.5684446
6900,02418694,6900R,Manley Hot Springs,Manley Hot Springs ANVSA,79,E1,R,F,G2130,S,38991600,0,+65.0058624,-150.6146928
6020,02418755,6020R,Akiachak,Akiachak ANVSA,79,E1,R,F,G2130,S,39933532,2710725,+60.8956284,-161.4186234
7065,02418741,7065R,Nightmute,Nightmute ANVSA,79,E1,R,F,G2130,S,13548582,36178,+60.4840833,-164.7040713
7135,02419154,7135R,Nunapitchuk,Nunapitchuk ANVSA,79,E1,R,F,G2130,S,18105042,2501655,+60.8816984,-162.4645454
7055,02418739,7055R,Newtok,Newtok ANVSA,79,E1,R,F,G2130,S,21570625,288060,+60.8109933,-164.4991100
6385,02418851,6385R,Craig,Craig ANVSA,79,E1,R,F,G2130,S,36262117,7300139,+55.4887459,-133.1115680
7175,02419157,7175R,Oscarville,Oscarville ANVSA,79,E1,R,F,G2130,S,6744267,455216,+60.7234436,-161.7882386
7245,02419173,7245R,Platinum,Platinum ANVSA,79,E1,R,F,G2130,S,67245638,4100504,+58.9975190,-161.7699008
7305,02419197,7305R,Red Devil,Red Devil ANVSA,79,E1,R,F,G2130,S,65077919,6991302,+61.7574618,-157.3585177
7495,02419223,7495R,Sleetmute,Sleetmute ANVSA,79,E1,R,F,G2130,S,54764625,13575196,+61.6793027,-157.0834678
7525,02419236,7525R,Stony River,Stony River ANVSA,79,E1,R,F,G2130,S,8125437,3677053,+61.7920101,-156.5905089
7625,02419259,7625R,Toksook Bay,Toksook Bay ANVSA,79,E1,R,F,G2130,S,27232452,81777,+60.5476984,-165.1095171
6240,02418796,6240R,Brevig Mission,Brevig Mission ANVSA,79,E1,R,F,G2130,S,6299191,206572,+65.3431961,-166.5089460
6380,02418849,6380R,Council,Council ANVSA,79,E1,R,F,G2130,S,55014132,2345327,+64.8893892,-163.5896147
6530,02418595,6530R,Gambell,Gambell ANVSA,79,E1,R,F,G2130,S,27208078,4353093,+63.7618841,-171.6856111
7475,02575190,7475R,Sitka,Sitka ANVSA,79,E1,R,F,G2130,S,6832476,901630,+57.0638335,-135.3288252
5830,01925073,5830R,Seminole,Seminole OTSA,88,D6,R,F,G2140,S,1470140343,19100946,+35.1631053,-096.6259468
5580,02418818,5580R,Chickasaw,Chickasaw OTSA,88,D6,R,F,G2140,S,18831209094,486748207,+34.4702963,-097.2341262
5590,02418833,5590R,Choctaw,Choctaw OTSA,88,D6,R,F,G2140,S,27461135388,734047115,+34.5090320,-095.4434638
5780,01925076,5780R,Pawnee,Pawnee OTSA,88,D6,R,F,G2140,S,1333909540,56392810,+36.3095441,-096.6765095
5550,02418810,5550R,Cherokee,Cherokee OTSA,88,D6,R,F,G2140,S,17337177294,697228062,+36.2236395,-095.1847784
5690,01925070,5690R,Kaw,Kaw OTSA,88,D6,R,F,G2140,S,1233420084,53310105,+36.8902973,-097.0224714
5800,02419180,5800R,Ponca,Ponca OTSA,88,D6,R,F,G2140,S,423603691,8793989,+36.5882231,-097.0977514
5860,01925069,5860R,Tonkawa,Tonkawa OTSA,88,D6,R,F,G2140,S,369046070,2754555,+36.6786409,-097.3522193
5760,01925068,5760R,Otoe-Missouria,Otoe-Missouria OTSA,88,D6,R,F,G2140,S,498304061,25410660,+36.4223594,-097.0868106
5620,01925077,5620R,Creek,Creek OTSA,88,D6,R,F,G2140,S,11987156897,407104884,+35.6675677,-096.0182551
5720,02418654,5720R,Kiowa-Comanche-Apache-Fort Sill Apache,Kiowa-Comanche-Apache-Fort Sill Apache OTSA,88,D6,R,F,G2140,S,16454047113,197054232,+34.6570770,-098.8965330
5600,01925074,5600R,Citizen Potawatomi Nation-Absentee Shawnee,Citizen Potawatomi Nation-Absentee Shawnee OTSA,88,D6,R,F,G2140,S,2892284570,44399873,+35.2024433,-097.0766282
5740,02418715,5740R,Modoc,Modoc OTSA,88,D6,R,F,G2140,S,16173615,0,+36.8618548,-094.6408441
5770,02419159,5770R,Ottawa,Ottawa OTSA,88,D6,R,F,G2140,S,60617997,1494725,+36.8489534,-094.7962849
5795,02419165,5795R,Peoria,Peoria OTSA,88,D6,R,F,G2140,S,101791845,364779,+36.9009375,-094.7444227
5810,02419193,5810R,Quapaw,Quapaw OTSA,88,D6,R,F,G2140,S,223775562,1225798,+36.9633168,-094.7662662
5890,02419290,5890R,Wyandotte,Wyandotte OTSA,88,D6,R,F,G2140,S,84411861,3943307,+36.7960323,-094.7069615
5835,02419214,5835R,Seneca-Cayuga,Seneca-Cayuga OTSA,88,D6,R,F,G2140,S,187237403,28413998,+36.6920319,-094.6788260
5540,01925075,5540R,Caddo-Wichita-Delaware,Caddo-Wichita-Delaware OTSA,88,D6,R,F,G2140,S,2658850899,29493649,+35.3155549,-098.3463311
5560,02418814,5560R,Cheyenne-Arapaho,Cheyenne-Arapaho OTSA,88,D6,R,F,G2140,S,21022272116,153975154,+35.6882710,-098.9538252
5640,02418563,5640R,Eastern Shawnee,Eastern Shawnee OTSA,88,D6,R,F,G2140,S,52696544,992842,+36.8496045,-094.6890840
5730,02418711,5730R,Miami,Miami OTSA,88,D6,R,F,G2140,S,71767198,921910,+36.9699687,-094.9618241
5670,01925066,5670R,Iowa,Iowa OTSA,88,D6,R,F,G2140,S,923594896,8418959,+35.8184648,-097.0786472
5820,01925067,5820R,Sac and Fox,Sac and Fox OTSA,88,D6,R,F,G2140,S,1915036225,28523287,+35.7168082,-096.7794378
5700,02418651,5700R,Kickapoo,Kickapoo OTSA,88,D6,R,F,G2140,S,646244797,6618225,+35.5394601,-097.0252420
9835,02418724,9835R,Nanticoke Lenni Lenape,Nanticoke Lenni Lenape SDTSA,92,D9,R,S,G2150,S,49505619,643610,+39.4061548,-075.1862734
9745,02418608,9745R,Haliwa-Saponi,Haliwa-Saponi SDTSA,92,D9,R,S,G2150,S,458415677,1216803,+36.2546724,-077.9708273
9880,02419231,9880R,Star Muskogee Creek,Star Muskogee Creek SDTSA,92,D9,R,S,G2150,S,291590475,810262,+31.7157314,-085.9724159
9635,02418841,9635R,Coharie,Coharie SDTSA,92,D9,R,S,G2150,S,625149062,7950709,+35.2076903,-078.6412998
9815,02418691,9815R,Lumbee,Lumbee SDTSA,92,D9,R,S,G2150,S,4701539584,22068621,+34.7917323,-079.1622793
9970,02419280,9970R,Waccamaw Siouan,Waccamaw Siouan SDTSA,92,D9,R,S,G2150,S,116825121,4394,+34.3081420,-078.4945503
9850,02419194,9850R,Ramapough,Ramapough SDTSA,92,D9,R,S,G2150,S,18619479,260904,+41.1442725,-074.2759602
9800,02575194,9800R,Lenape Indian Tribe of Delaware,Lenape Indian Tribe of Delaware SDTSA,92,D9,R,S,G2150,S,5771929,0,+39.2067449,-075.5936367
9550,02418812,9550R,Cher-O-Creek,Cher-O-Creek SDTSA,92,D9,R,S,G2150,S,834648853,2872994,+31.1661310,-085.2832649
9560,02418811,9560R,Cherokee Tribe of Northeast Alabama,Cherokee Tribe of Northeast Alabama SDTSA,92,D9,R,S,G2150,S,88056048,376168,+34.2483481,-086.2132274
9510,02418753,9510R,Adais Caddo,Adais Caddo SDTSA,92,D9,R,S,G2150,S,378869477,4749622,+31.5587770,-092.9959900
9675,02418562,9675R,Eastern Chickahominy,Eastern Chickahominy SDTSA,92,D9,R,S,G2150,S,5781366,0,+37.4363227,-076.9732390
9580,02418815,9580R,Chickahominy,Chickahominy SDTSA,92,D9,R,S,G2150,S,134292953,64589,+37.4009925,-077.1338011
9960,02419278,9960R,United Houma Nation,United Houma Nation SDTSA,92,D9,R,S,G2150,S,1507180282,64502259,+29.5999579,-090.7266525
9963,02564995,9963R,Upper South Carolina Pee Dee,Upper South Carolina Pee Dee SDTSA,92,D9,R,S,G2150,S,102270828,90857,+34.5280750,-079.4228841
9630,02418840,9630R,Clifton Choctaw,Clifton Choctaw SDTSA,92,D9,R,S,G2150,S,126404451,268159,+31.3182539,-092.8646129
9525,02564992,9525R,Beaver Creek,Beaver Creek SDTSA,92,D9,R,S,G2150,S,64936541,265588,+33.5281893,-081.2969705
9967,02564996,9967R,Waccamaw,Waccamaw SDTSA,92,D9,R,S,G2150,S,3315942,10884,+33.9748083,-079.1979413
9844,02564993,9844R,Pee Dee,Pee Dee SDTSA,92,D9,R,S,G2150,S,132007505,1831757,+34.7203538,-079.6604799
9830,02418723,9830R,Nanticoke Indian Tribe,Nanticoke Indian Tribe SDTSA,92,D9,R,S,G2150,S,71722459,223649,+38.6547496,-075.2136421
9515,02418775,9515R,Apache Choctaw,Apache Choctaw SDTSA,92,D9,R,S,G2150,S,221750898,2632989,+31.6319588,-093.6565720
9865,02418630,9865R,Sappony,Sappony SDTSA,92,D9,R,S,G2150,S,111352887,10556976,+36.4880389,-078.8654393
9680,02418564,9680R,Echota Cherokee,Echota Cherokee SDTSA,92,D9,R,S,G2150,S,1318517561,7819066,+34.5802490,-086.4612041
9820,02418693,9820R,MaChis Lower Creek,MaChis Lower Creek SDTSA,92,D9,R,S,G2150,S,1730687218,6643797,+31.3327576,-086.0041608
9825,02418704,9825R,Meherrin,Meherrin SDTSA,92,D9,R,S,G2150,S,84378520,1255589,+36.3368589,-076.9488369
9838,02564991,9838R,Occaneechi-Saponi,Occaneechi-Saponi SDTSA,92,D9,R,S,G2150,S,241831327,4319078,+36.1775818,-079.2533327
9950,02575195,9950R,United Cherokee Ani-Yun-Wiya Nation,United Cherokee Ani-Yun-Wiya Nation SDTSA,92,D9,R,S,G2150,S,21923628,2152751,+34.3043115,-086.3125272
9720,02418587,9720R,Four Winds Cherokee,Four Winds Cherokee SDTSA,92,D9,R,S,G2150,S,567292520,5167079,+31.1111681,-093.3587338
9975,02584541,9975R,Wassamasaw,Wassamasaw SDTSA,92,D9,R,S,G2150,S,23004982,0,+33.0700236,-080.1006537
9875,02564994,9875R,Santee,Santee SDTSA,92,D9,R,S,G2150,S,19887949,0,+33.3522191,-080.3868298
8450,02418703,8450R,Mechoopda,Mechoopda TDSA,80,D6,R,F,G2160,S,3395725,0,+39.7207934,-121.8021933
8100,02418802,8100R,Cayuga Nation,Cayuga Nation TDSA,80,D6,R,F,G2160,S,98026627,92235454,+42.7901633,-076.7149090
8300,02418631,8300R,Ione Band of Miwok,Ione Band of Miwok TDSA,80,D6,R,F,G2160,S,5435996,0,+38.4586475,-120.8484536
8750,02419206,8750R,Samish,Samish TDSA,80,D6,R,F,G2160,S,581830596,1402707596,+48.5553590,-122.8939792
5915,01925072,5915R,Creek/Seminole,Creek/Seminole joint-use OTSA,90,D0,R,F,G2170,S,168887256,824713,+35.2828318,-096.4646003
5950,02418647,5950R,Kaw/Ponca,Kaw/Ponca joint-use OTSA,90,D0,R,F,G2170,S,281605234,4415108,+36.7458033,-097.1350714
5970,02418712,5970R,Miami/Peoria,Miami/Peoria joint-use OTSA,90,D0,R,F,G2170,S,32217420,439979,+36.9014538,-094.9203738
5955,02418655,5955R,Kiowa-Comanche-Apache-Ft Sill Apache/Caddo-Wichita-Delaware,Kiowa-Comanche-Apache-Ft Sill Apache/Caddo-Wichita-Delaware joint-use OTSA,90,D0,R,F,G2170,S,499465092,1557225,+35.0575934,-098.3176097
4910,02418987,4910R,Kickapoo (KS) Reservation/Sac and Fox Nation Trust Land,Kickapoo (KS) Reservation/Sac and Fox Nation Trust Land joint-use area,83,D0,R,F,G2170,A,1060454,0,+39.7010141,-095.7209027
4930,02419124,4930R,San Felipe Pueblo/Santa Ana Pueblo,San Felipe Pueblo/Santa Ana Pueblo joint-use area,83,D0,R,F,G2170,A,2785130,0,+35.3627291,-106.4945407
4940,02419125,4940R,San Felipe Pueblo/Santo Domingo Pueblo,San Felipe Pueblo/Santo Domingo Pueblo joint-use area,83,D0,R,F,G2170,A,3207220,0,+35.4738653,-106.3715921